date, pm25, pm10, o3, no2, so2
2025/11/1, 41, 11, 13, 1, 
2025/11/2, 38, 12, 14, 2, 4
2025/11/3, 35, 12, 12, 2, 4
2025/11/4, 36, 9, 10, 3, 4
2025/11/5, 22, 13, 9, 4, 4
2025/11/6, 34, 25, 11, 5, 4
2025/11/7, 73, 27, 11, 2, 4
2025/11/8, 82, 20, 12, 1, 4
2025/11/9, 67, 21, 11, 3, 4
2025/11/10, 59, 12, 10, 3, 4
2025/11/11, 42, 10, 10, 2, 4
2025/11/12, 34, 11, 17, 2, 4
2025/11/13, 31, 9, 15, 3, 4
2025/11/14, 10, 6, 11, 2, 5
2025/11/15, 15, 5, 14, 3, 4
2025/11/16, 13, 5, 14, 1, 4
2025/11/17, 13, , , , 
2025/10/1, 17, 11, 16, 2, 
2025/10/2, 28, 7, 17, 2, 
2025/10/3, 21, 8, 17, 1, 
2025/10/4, 24, 7, 16, , 
2025/10/5, 19, 4, 14, 2, 
2025/10/6, 9, 9, 10, 3, 
2025/10/7, 26, 10, 14, 2, 
2025/10/8, 32, 7, 15, 2, 
2025/10/9, 15, 19, 21, 1, 
2025/10/10, 43, 8, 20, , 
2025/10/11, 18, 6, 16, 1, 
2025/10/12, 13, 8, 13, 3, 
2025/10/13, 13, 7, 13, 3, 
2025/10/14, 17, 5, 18, 2, 
2025/10/15, 18, 9, 15, 1, 
2025/10/16, 20, 13, 14, 2, 
2025/10/17, 20, 4, 15, 2, 
2025/10/18, 9, 5, 16, 4, 
2025/10/19, 17, 7, 16, 1, 
2025/10/20, 22, , , , 
2025/10/24, 22, 7, 16, 1, 
2025/10/25, 19, 6, 16, 1, 
2025/10/26, 15, 5, 16, 1, 
2025/10/27, 13, 7, 17, 1, 1
2025/10/28, 16, 11, 13, 1, 1
2025/10/29, 31, 6, 17, 2, 
2025/10/30, 17, 8, 12, 3, 
2025/10/31, 20, 11, 10, 2, 
2025/7/1, 26, 17, 31, 3, 1
2025/7/2, 32, 19, 24, , 
2025/7/3, 30, 8, 18, 1, 
2025/7/4, 16, 9, 19, 1, 
2025/7/5, 26, 9, 16, 1, 
2025/7/6, 28, 7, 14, 1, 
2025/7/7, 18, 6, 15, 1, 
2025/7/8, 13, 7, 14, 1, 
2025/7/9, 16, 10, 17, 2, 
2025/7/10, 20, 10, 16, 2, 
2025/7/11, 24, 10, 16, , 
2025/7/12, 26, 11, 23, , 
2025/7/13, 28, 11, 24, 1, 
2025/7/14, 31, 12, 23, 1, 
2025/7/15, 37, 9, 17, 1, 
2025/7/16, 20, 13, 22, 1, 
2025/7/17, 37, 12, 21, 2, 
2025/7/18, 35, 14, 23, 4, 
2025/7/19, 45, 17, 20, 1, 
2025/7/20, 48, 18, 20, 1, 
2025/7/21, 47, 18, 19, 1, 
2025/7/22, 45, 7, 20, 1, 
2025/7/23, 12, 9, 21, 2, 
2025/7/24, 25, 16, 18, 2, 
2025/7/25, 50, 11, 18, 1, 
2025/7/26, 35, 12, 16, 1, 
2025/7/27, 40, 10, 16, , 
2025/7/28, 24, 13, 16, , 
2025/7/29, 23, 10, 17, , 
2025/7/30, 23, 8, 16, 1, 
2025/7/31, 16, 7, 20, 1, 
2025/8/1, 19, 8, 19, 2, 
2025/8/2, 22, 7, 15, , 
2025/8/3, 15, 7, 20, 1, 
2025/8/4, 18, 13, 17, , 
2025/8/5, 29, 11, 16, , 
2025/8/6, 26, 14, 20, 1, 
2025/8/7, 36, 15, 27, 2, 
2025/8/8, 39, 12, 20, 1, 
2025/8/9, 30, 13, 17, 1, 
2025/8/10, 30, 13, 18, 1, 
2025/8/11, 25, 16, 22, 2, 
2025/8/12, 37, 18, 24, 1, 
2025/8/13, 34, 26, 31, 2, 
2025/8/14, 40, 25, 28, 2, 
2025/8/15, 51, 12, 17, 1, 
2025/8/16, 27, 7, 17, 1, 
2025/8/17, 12, 12, 18, 2, 
2025/8/18, 14, 15, 18, 2, 
2025/8/19, 26, 13, 16, 1, 
2025/8/20, 15, 8, 16, 1, 
2025/8/21, 11, 10, 15, 1, 
2025/8/22, 12, 3, 13, , 
2025/8/23, 6, 6, 14, 1, 
2025/8/24, 13, 11, 18, 1, 
2025/8/25, 20, 14, 19, 2, 
2025/8/26, 21, 11, 21, 2, 
2025/8/27, 20, 15, 24, 3, 
2025/8/28, 32, 18, 23, 2, 
2025/8/29, 48, 14, 21, 2, 
2025/8/30, 46, 11, 22, 2, 
2025/8/31, 34, 11, 22, 1, 
2025/9/1, 26, 10, 15, 3, 
2025/9/2, 34, 10, 21, 2, 
2025/9/3, 27, 9, 19, 1, 
2025/9/4, 20, 9, 17, 3, 
2025/9/5, 25, 5, 16, 2, 
2025/9/6, 14, 7, 17, 3, 
2025/9/7, 18, 7, 22, 1, 
2025/9/8, 22, 18, 23, 1, 
2025/9/9, 47, 23, 23, 1, 
2025/9/10, 56, 11, 21, 2, 
2025/9/11, 34, 9, 17, 1, 
2025/9/12, 21, 7, 18, 1, 
2025/9/13, 17, 5, 18, 1, 
2025/9/14, 13, 6, 18, 1, 
2025/9/15, 16, 9, 16, , 
2025/9/16, 22, 9, 17, 1, 
2025/9/17, 20, 8, 16, 1, 
2025/9/18, 21, 10, 14, 1, 
2025/9/19, 28, 14, 23, 3, 
2025/9/20, 38, 13, 19, 2, 
2025/9/21, 38, 10, 17, 1, 
2025/9/22, 18, 5, 15, 4, 
2025/9/23, 9, 10, 13, 5, 
2025/9/24, 13, 8, 15, 5, 
2025/9/25, 9, 7, 17, 5, 
2025/9/26, 9, 10, 20, 6, 
2025/9/27, 15, 6, 16, 5, 
2025/9/28, 12, 7, 13, 5, 
2025/9/29, 12, 7, 13, 3, 
2025/9/30, 14, 6, 13, 2, 
2025/4/1, 12, 15, 21, 7, 
2025/4/2, 21, 11, 23, 8, 
2025/4/3, 16, 12, 25, 5, 
2025/4/4, 25, 6, 26, 1, 
2025/4/5, 12, 5, 25, 2, 
2025/4/6, 8, 8, 25, 3, 
2025/4/7, 16, 7, 27, 3, 
2025/4/8, 11, 11, 27, 6, 
2025/4/9, 26, 13, 33, 3, 
2025/4/10, 21, 14, 30, 2, 
2025/4/11, 31, 13, 28, 2, 
2025/4/12, 38, 18, 28, 3, 
2025/4/13, 54, 22, 30, 3, 
2025/4/14, 67, 20, 34, 2, 
2025/4/15, 57, 20, 27, 2, 
2025/4/16, 56, 18, 24, 2, 
2025/4/17, 53, 15, 24, 4, 
2025/4/18, 45, 8, 25, 2, 
2025/4/19, 27, 16, 24, 2, 
2025/4/20, 54, 10, 24, 3, 
2025/4/21, 38, 16, 21, 4, 
2025/4/22, 55, 10, 27, 4, 
2025/4/23, 36, 8, 20, 2, 
2025/4/24, 23, 9, 25, 2, 
2025/4/25, 25, 6, 29, , 
2025/4/26, 15, 7, 34, , 
2025/4/27, 15, 13, 42, 2, 
2025/4/28, 26, 10, 33, 3, 
2025/4/29, 23, 9, 29, 3, 
2025/4/30, 19, 12, 35, 3, 
2025/5/1, 35, 10, 34, 2, 
2025/5/2, 26, 6, 29, 1, 
2025/5/3, 14, 3, 32, , 
2025/5/4, 7, 5, 17, 1, 
2025/5/5, 10, 10, , 1, 
2025/5/6, 22, 6, 24, 4, 
2025/5/7, 10, 9, 25, 3, 
2025/5/8, 21, 11, 24, 3, 
2025/5/9, 23, 10, 24, 1, 
2025/5/10, 30, 5, 25, 1, 
2025/5/11, 14, 10, 25, 4, 
2025/5/12, 21, 15, 27, 3, 
2025/5/13, 23, 17, 28, 2, 
2025/5/14, 33, 16, 26, 3, 
2025/5/15, 21, 14, 27, 2, 
2025/5/16, 21, 9, 27, 2, 
2025/5/17, 16, 6, 26, 2, 
2025/5/18, 13, 10, 26, 2, 
2025/5/19, 16, 12, 28, 3, 
2025/5/20, 21, 18, 28, 1, 
2025/5/21, 42, 10, 24, 1, 
2025/5/22, 19, 4, 20, 1, 
2025/5/23, 8, 7, 26, 1, 
2025/5/24, 21, 9, 23, 2, 
2025/5/25, 30, 11, 26, 1, 
2025/5/26, 26, 10, 25, 2, 
2025/5/27, 26, 5, 26, 3, 
2025/5/28, 15, 7, 23, 1, 
2025/5/29, 18, 7, 20, 1, 
2025/5/30, 21, 6, 24, 2, 
2025/5/31, 16, 11, 29, 3, 
2025/6/1, 33, 11, 25, 1, 
2025/6/2, 32, 11, 27, 1, 
2025/6/3, 25, 13, 31, 2, 
2025/6/4, 37, 11, 25, 2, 
2025/6/5, 30, 7, 25, 1, 
2025/6/6, 19, 8, 26, 1, 
2025/6/7, 21, 5, 25, 1, 
2025/6/8, 17, 8, 21, 1, 
2025/6/9, 16, 16, 19, 2, 1
2025/6/10, 54, 10, 23, 1, 
2025/6/11, 28, 10, 18, 2, 
2025/6/12, 21, 6, 18, 2, 
2025/6/13, 11, 7, 21, 1, 
2025/6/14, 18, 13, 29, 2, 
2025/6/15, 33, 10, 19, 1, 4
2025/6/16, 26, 11, 23, 1, 3
2025/6/17, 33, 13, 22, 1, 
2025/6/18, 32, 12, 16, , 
2025/6/19, 21, 12, 19, 1, 
2025/6/20, 26, 9, 21, 2, 
2025/6/21, 20, 11, 24, 1, 
2025/6/22, 24, 12, 19, 1, 
2025/6/23, 34, 8, 17, 1, 
2025/6/24, 20, 8, 18, 1, 
2025/6/25, 14, 10, 17, 2, 
2025/6/26, 22, 11, 16, , 
2025/6/27, 26, 11, 18, 1, 1
2025/6/28, 32, 17, 18, , 
2025/6/29, 34, 14, 17, 1, 1
2025/6/30, 33, 11, 19, 1, 
2025/1/1, 33, 4, 28, 1, 
2025/1/2, 9, 8, 29, 1, 
2025/1/3, 15, 4, 28, 2, 
2025/1/4, 10, 6, 30, 2, 
2025/1/5, 22, 5, 27, 1, 
2025/1/6, 18, 7, 27, 1, 
2025/1/7, 18, 8, 28, 1, 
2025/1/8, 23, 11, 24, 3, 
2025/1/9, 33, 4, 23, 2, 
2025/1/10, 11, 5, 26, 2, 
2025/1/11, 9, 3, 26, 2, 
2025/1/12, 7, 6, 23, 2, 
2025/1/13, 21, 17, 26, 2, 
2025/1/14, 56, 12, 23, 8, 
2025/1/15, 36, 8, 19, 2, 
2025/1/16, 31, 13, 18, 3, 
2025/1/17, 54, 12, 19, 3, 
2025/1/18, 47, 7, 17, 3, 
2025/1/19, 29, 8, 14, 4, 
2025/1/20, 27, 19, 16, 5, 
2025/1/21, 67, 18, 16, 4, 
2025/1/22, 64, 19, 26, 4, 
2025/1/23, 58, 9, 20, 2, 
2025/1/24, 35, 8, 21, 2, 
2025/1/25, 28, 9, 24, 2, 
2025/1/26, 26, 5, 22, 3, 
2025/1/27, 16, 6, 16, 5, 
2025/1/28, 18, 11, 16, 4, 
2025/1/29, 41, 9, 22, 2, 
2025/1/30, 27, 9, 20, 2, 
2025/1/31, 22, 5, 21, 4, 
2025/2/1, 19, 11, 16, 4, 
2025/2/2, 40, 14, 20, 3, 
2025/2/3, 52, 31, 33, 3, 1
2025/2/4, 92, 20, 21, 3, 
2025/2/5, 59, 11, 19, 4, 
2025/2/6, 28, 7, 19, 2, 
2025/2/7, 22, 16, 16, 1, 
2025/2/8, 58, 21, 17, 1, 1
2025/2/9, 67, 16, 23, 1, 
2025/2/10, 53, 12, 23, 1, 
2025/2/11, 38, 17, 22, 1, 
2025/2/12, 55, 15, 18, 3, 
2025/2/13, 48, 9, 23, 4, 1
2025/2/14, 12, 5, 22, 2, 
2025/2/15, 16, 5, 22, 3, 
2025/2/16, 8, 6, 22, 3, 
2025/2/17, 15, 8, 21, 4, 
2025/2/18, 19, 15, 17, 8, 
2025/2/19, 41, 17, 26, 3, 
2025/2/20, 52, 28, 23, 4, 
2025/2/21, 86, 31, 18, 3, 
2025/2/22, 92, 17, 17, 3, 
2025/2/23, 59, 9, 21, 3, 
2025/2/24, 35, 8, 21, 2, 
2025/2/25, 34, 13, 12, 5, 
2025/2/26, 47, 12, 11, 5, 
2025/2/27, 45, 9, 23, 4, 
2025/2/28, 31, 7, 22, 2, 
2025/3/1, 25, 8, 26, 1, 
2025/3/2, 26, 9, 25, 1, 
2025/3/3, 28, 9, 24, 2, 
2025/3/4, 31, 23, 27, 2, 
2025/3/5, 67, 36, 25, 4, 
2025/3/6, 99, 39, 23, 8, 1
2025/3/7, 99, 45, 24, 11, 1
2025/3/8, 114, 36, 34, 4, 
2025/3/9, 97, 30, 26, 6, 
2025/3/10, 81, 21, 22, 4, 
2025/3/11, 57, 9, 20, 3, 
2025/3/12, 27, 11, 21, 4, 
2025/3/13, 41, 7, 20, 3, 
2025/3/14, 22, 6, 23, 3, 1
2025/3/15, 14, 6, 26, 3, 
2025/3/16, 16, 7, 23, 4, 1
2025/3/17, 10, 10, 27, 3, 
2025/3/18, 21, 14, 26, 3, 
2025/3/19, 33, 26, 23, 8, 
2025/3/20, 59, 20, 28, 4, 
2025/3/21, 45, 15, 27, 1, 
2025/3/22, 41, 20, 27, 1, 1
2025/3/23, 57, 27, 25, 3, 
2025/3/24, 64, 31, 23, 5, 
2025/3/25, 84, 6, 24, 3, 
2025/3/26, 16, 10, 22, 4, 
2025/3/27, 32, 22, 24, 3, 
2025/3/28, 63, 19, 23, 4, 
2025/3/29, 55, 8, 25, 2, 
2025/3/30, 26, 7, 22, 3, 
2025/3/31, 19, 7, 22, 5, 1
2024/10/1, 9, 6, 20, 2, 
2024/10/2, 8, 6, 22, 1, 
2024/10/3, 7, 9, 21, 5, 
2024/10/4, 13, 7, 21, 6, 
2024/10/5, 22, 5, 25, 4, 
2024/10/6, 17, 8, 20, 2, 
2024/10/7, 25, 13, 11, 3, 
2024/10/8, 47, 11, 15, 3, 
2024/10/9, 38, 6, 28, 1, 
2024/10/10, 14, 9, 26, 1, 
2024/10/11, 19, 7, 25, 1, 
2024/10/12, 17, 7, 23, 2, 
2024/10/13, 23, 6, 23, 2, 
2024/10/14, 16, 5, 21, 3, 
2024/10/15, 12, 7, 25, 2, 
2024/10/16, 20, 11, 22, 2, 
2024/10/17, 36, 17, 18, 4, 
2024/10/18, 52, 20, 18, 3, 
2024/10/19, 58, 14, 19, 3, 
2024/10/20, 46, 14, 21, 2, 
2024/10/21, 41, 10, 23, 2, 
2024/10/22, 27, 10, 23, 2, 
2024/10/23, 27, 13, 20, 4, 
2024/10/24, 47, 23, 17, 4, 
2024/10/25, 69, 26, 10, 6, 
2024/10/26, 78, 15, 17, 2, 
2024/10/27, 47, 9, 16, 2, 
2024/10/28, 26, 6, 9, 3, 
2024/10/29, 22, 11, 14, 1, 
2024/10/30, 24, 9, 12, 1, 
2024/10/31, 25, 10, 15, 1, 
2024/11/1, 24, 6, 13, 4, 
2024/11/2, 12, 6, 13, 1, 
2024/11/3, 15, 7, 10, 2, 
2024/11/4, 14, 5, 3, 2, 
2024/11/5, 16, 17, 17, 2, 
2024/11/6, 40, 15, 21, 4, 
2024/11/7, 40, 9, 20, 2, 
2024/11/8, 19, 19, 18, 1, 
2024/11/9, 61, 23, 18, 2, 
2024/11/10, 73, 15, 6, 3, 
2024/11/11, 55, 11, 13, 3, 
2024/11/12, 34, 10, 20, 4, 
2024/11/13, 33, 9, 25, 5, 
2024/11/14, 20, 13, 24, 5, 
2024/11/15, 27, 7, 27, 3, 
2024/11/16, 21, 6, 27, 2, 
2024/11/17, 15, 5, 26, 2, 
2024/11/18, 11, 6, 27, 4, 
2024/11/19, 12, 4, 23, 3, 
2024/11/20, 9, 4, 21, 3, 
2024/11/21, 8, 10, 24, 6, 
2024/11/22, 17, 6, 22, 2, 
2024/11/23, 17, 6, 23, 1, 
2024/11/24, 16, 10, 28, 2, 
2024/11/25, 20, 12, 22, 2, 
2024/11/26, 35, 9, 22, 2, 
2024/11/27, 25, 4, 23, 2, 
2024/11/28, 12, 7, 17, 4, 
2024/11/29, 17, 8, 18, 2, 
2024/11/30, 28, 11, 12, 3, 
2024/12/1, 44, 15, 10, 3, 
2024/12/2, 57, 15, 21, 3, 
2024/12/3, 39, 5, 22, 2, 
2024/12/4, 9, 7, 18, 4, 
2024/12/5, 15, 12, 18, 3, 
2024/12/6, 45, 10, 18, 2, 
2024/12/7, 37, 11, 13, 1, 
2024/12/8, 44, 5, 21, 2, 
2024/12/9, 14, 7, 20, 2, 
2024/12/10, 19, 11, 20, 3, 
2024/12/11, 26, 15, 13, 8, 
2024/12/12, 38, 6, 23, 3, 
2024/12/13, 24, 11, 26, 2, 
2024/12/14, 41, 6, 26, 1, 
2024/12/15, 16, 8, 27, 1, 
2024/12/16, 22, 5, 27, 2, 
2024/12/17, 14, 10, 23, 2, 
2024/12/18, 36, 8, 28, 1, 
2024/12/19, 22, 14, 28, 2, 
2024/12/20, 34, 10, 22, 1, 
2024/12/21, 32, 8, 28, 1, 
2024/12/22, 23, 4, 26, 2, 
2024/12/23, 12, 5, 19, 2, 
2024/12/24, 16, 8, 16, 2, 
2024/12/25, 31, 3, 17, 2, 
2024/12/26, 14, 4, 14, 2, 
2024/12/27, 17, 5, 12, 2, 
2024/12/28, 19, 9, 21, 4, 
2024/12/29, 40, , , , 
2024/7/1, 15, 5, 24, , 
2024/7/2, 11, 8, 25, , 
2024/7/3, 19, 4, 25, , 
2024/7/4, 11, 5, 25, , 
2024/7/5, 11, 9, 31, 1, 
2024/7/6, 23, 7, 31, , 
2024/7/7, 14, 6, 29, 2, 
2024/7/8, 13, 6, 32, 2, 
2024/7/9, 12, 14, 32, 2, 
2024/7/10, 36, 7, 24, 4, 
2024/7/11, 20, 8, 30, 3, 
2024/7/12, 18, 5, 28, 1, 
2024/7/13, 12, 6, 29, 1, 
2024/7/14, 14, 7, 30, 1, 
2024/7/15, 16, 10, 27, 3, 
2024/7/16, 24, 8, 29, 1, 
2024/7/17, 21, 6, 24, 1, 
2024/7/18, 13, 6, 30, 1, 
2024/7/19, 16, 6, 27, 3, 
2024/7/20, 14, 6, 30, 1, 
2024/7/21, 15, 7, 22, 2, 
2024/7/22, 19, 6, 30, 1, 
2024/7/23, 16, 10, 24, 1, 
2024/7/24, 24, 8, 26, 1, 
2024/7/25, 21, 9, 26, 3, 
2024/7/26, 23, 10, 25, 1, 
2024/7/27, 24, 8, 23, 1, 
2024/7/28, 17, 7, 22, 1, 
2024/7/29, 15, 8, 28, 2, 
2024/7/30, 15, 9, 25, 2, 
2024/7/31, 18, 11, 31, 1, 
2024/8/1, 23, 11, 31, 3, 
2024/8/2, 23, 10, 34, 2, 
2024/8/3, 30, 11, 26, 1, 
2024/8/4, 32, 7, 21, 1, 
2024/8/5, 16, 9, 27, 2, 
2024/8/6, 18, 10, 33, 1, 
2024/8/7, 22, 8, 26, 2, 
2024/8/8, 20, 9, 25, 1, 
2024/8/9, 24, 11, 25, , 
2024/8/10, 24, 10, 22, , 
2024/8/11, 25, 7, 24, 1, 
2024/8/12, 14, 8, 25, 1, 
2024/8/13, 11, 12, 38, 1, 
2024/8/14, 17, 16, 37, 2, 
2024/8/15, 31, 14, 24, 2, 
2024/8/16, 43, 6, 24, 2, 
2024/8/17, 14, 7, 27, 2, 
2024/8/18, 16, 13, 27, 2, 
2024/8/19, 33, 14, 34, 2, 
2024/8/20, 41, 9, 26, 1, 
2024/8/21, 26, 10, 25, 1, 
2024/8/22, 25, 11, 29, 1, 
2024/8/23, 28, 11, 31, 1, 
2024/8/24, 29, 8, 31, 1, 
2024/8/25, 25, 12, 30, 2, 
2024/8/26, 36, 9, 33, 2, 
2024/8/27, 28, 15, 35, 1, 
2024/8/28, 37, 26, 44, 2, 
2024/8/29, 62, 11, 31, 3, 
2024/8/30, 32, 9, 24, 3, 
2024/8/31, 28, 7, 21, 2, 
2024/9/1, 20, 10, 27, 3, 
2024/9/2, 24, 13, 36, 1, 
2024/9/3, 31, 29, 43, 2, 
2024/9/4, 59, 35, 38, 1, 
2024/9/5, 59, 22, 35, 1, 
2024/9/6, 51, 32, 40, 1, 
2024/9/7, 60, 29, 41, 1, 
2024/9/8, 58, 22, 37, 2, 
2024/9/9, 48, 7, 25, 1, 
2024/9/10, 18, 5, 28, 1, 
2024/9/11, 13, 3, 25, 1, 
2024/9/12, 7, 6, 27, 2, 
2024/9/13, 11, 4, 28, 1, 
2024/9/14, 8, 4, 27, 1, 
2024/9/15, 7, 7, 18, 3, 
2024/9/16, 8, 7, 19, 3, 
2024/9/17, 10, 6, 19, 2, 
2024/9/18, 13, 5, 24, 2, 
2024/9/19, 10, 19, 31, 1, 
2024/9/20, 43, 21, 30, 4, 
2024/9/21, 50, 22, 37, 1, 
2024/9/22, 56, 22, 36, 2, 
2024/9/23, 54, 18, 32, 4, 
2024/9/24, 51, 8, 31, 1, 
2024/9/25, 28, 6, 28, 2, 
2024/9/26, 18, 7, 26, 2, 
2024/9/27, 18, 5, 26, , 
2024/9/28, 10, 6, 25, 2, 
2024/9/29, 12, 5, 26, 4, 
2024/9/30, 10, 6, 24, 1, 
2024/4/1, 41, 4, 18, 3, 
2024/4/2, 13, 3, 21, 2, 
2024/4/3, 8, 3, 22, 2, 
2024/4/4, 14, 9, 27, 3, 
2024/4/5, 26, 13, 26, 2, 
2024/4/6, 44, 7, 32, 3, 
2024/4/7, 19, 7, 31, 5, 
2024/4/8, 16, 13, 30, 5, 
2024/4/9, 35, 7, 28, 2, 
2024/4/10, 17, 8, 22, 3, 
2024/4/11, 29, 10, 21, 3, 
2024/4/12, 39, 12, 24, 2, 
2024/4/13, 40, 9, 28, 1, 
2024/4/14, 25, 7, 30, 1, 
2024/4/15, 18, 6, 28, 2, 
2024/4/16, 14, 5, 27, 3, 
2024/4/17, 11, 5, 28, 5, 
2024/4/18, 9, 3, 27, 2, 
2024/4/19, 10, 4, 27, 4, 
2024/4/20, 14, 6, 33, 2, 
2024/4/21, 15, 5, 27, 2, 
2024/4/22, 13, 6, 31, 2, 
2024/4/23, 18, 9, 34, 1, 
2024/4/24, 29, 10, 34, 1, 
2024/4/25, 27, 8, 30, 2, 
2024/4/26, 28, 9, 33, 3, 
2024/4/27, 36, 11, 36, 2, 
2024/4/28, 31, 9, 31, 2, 
2024/4/29, 20, 12, 33, 2, 
2024/4/30, 23, 17, 40, 1, 
2024/5/1, 36, 23, 34, 1, 
2024/5/2, 35, 22, 31, 1, 
2024/5/3, 29, 20, 26, 3, 
2024/5/4, 47, 13, 26, 2, 
2024/5/5, 45, 10, 24, 3, 
2024/5/6, 33, 7, 27, 2, 
2024/5/7, 16, 10, 30, 3, 
2024/5/8, 23, 13, 29, 2, 
2024/5/9, 38, 9, 24, 2, 
2024/5/10, 29, 9, 19, 3, 
2024/5/11, 32, 5, 26, 1, 
2024/5/12, 9, 8, 28, 1, 
2024/5/13, 11, 10, 30, 1, 
2024/5/14, 13, 15, 34, 1, 
2024/5/15, 21, 24, 33, 1, 
2024/5/16, 34, 22, 35, 1, 
2024/5/17, 34, 17, 37, 1, 
2024/5/18, 29, 14, 34, 2, 
2024/5/19, 30, 13, 36, 3, 
2024/5/20, 29, 19, 34, , 
2024/5/21, 24, 18, 35, 1, 
2024/5/22, 29, 17, 30, 2, 
2024/5/23, 40, 12, 32, 4, 
2024/5/24, 35, 12, 33, 2, 
2024/5/25, 40, 14, 39, 2, 
2024/5/26, 42, 11, 33, 2, 
2024/5/27, 32, 12, 31, 2, 
2024/5/28, 36, 8, 33, 2, 
2024/5/29, 21, 8, 36, 2, 
2024/5/30, 25, 16, 35, 2, 
2024/5/31, 46, 17, 31, 5, 
2024/6/1, 48, 14, 38, 4, 
2024/6/2, 47, 11, 28, 1, 
2024/6/3, 29, 8, 27, 1, 
2024/6/4, 22, 8, 30, 2, 
2024/6/5, 22, 9, 27, 1, 
2024/6/6, 24, 9, 30, 1, 
2024/6/7, 26, 10, 31, 1, 
2024/6/8, 34, 6, 24, , 
2024/6/9, 14, 8, 26, , 
2024/6/10, 19, 7, 25, 1, 
2024/6/11, 17, 7, 27, 1, 
2024/6/12, 19, 5, 26, , 
2024/6/13, 11, 7, 32, 1, 
2024/6/14, 21, 8, 28, 1, 
2024/6/15, 26, 7, 29, 1, 
2024/6/16, 15, 5, 27, 2, 
2024/6/17, 13, 7, 32, 2, 
2024/6/18, 18, 8, 26, 1, 
2024/6/19, 16, 11, 25, 1, 
2024/6/20, 21, 7, 29, 2, 
2024/6/21, 18, 7, 23, 1, 
2024/6/22, 23, 5, 25, 2, 
2024/6/23, 17, 14, 27, 2, 
2024/6/24, 41, 9, 29, 3, 
2024/6/25, 27, 13, 32, 3, 
2024/6/26, 29, 17, 41, 2, 
2024/6/27, 39, 14, 35, 2, 
2024/6/28, 44, 8, 29, 1, 
2024/6/29, 21, 5, 32, 1, 
2024/6/30, 14, 6, 25, 1, 
2024/1/1, 51, 1, 15, , 
2024/1/2, 5, 1, 15, , 
2024/1/3, 5, 3, 23, 2, 
2024/1/4, 7, 5, 17, 4, 
2024/1/5, 19, 4, 22, 2, 
2024/1/6, 17, 5, 21, 2, 
2024/1/7, 19, 6, 21, 8, 
2024/1/8, 17, 6, 19, 6, 
2024/1/9, 22, 7, 21, 3, 
2024/1/10, 28, 6, 19, 5, 
2024/1/11, 24, 11, 20, 6, 
2024/1/12, 43, 7, 25, 1, 
2024/1/13, 25, 8, 24, 2, 
2024/1/14, 21, 3, 25, 2, 
2024/1/15, 9, 3, 22, 4, 
2024/1/16, 11, 12, 21, 3, 
2024/1/17, 44, 8, 23, 4, 
2024/1/18, 24, 5, 26, 1, 
2024/1/19, 14, 11, 26, 2, 
2024/1/20, 28, 12, 22, 2, 
2024/1/21, 37, 13, 26, 1, 
2024/1/22, 39, 19, 28, 1, 
2024/1/23, 48, 13, 29, 1, 
2024/1/24, 38, 15, 28, 2, 
2024/1/25, 40, 12, 28, 2, 
2024/1/26, 38, 16, 27, 1, 
2024/1/27, 43, 13, 19, 3, 
2024/1/28, 44, 9, 16, 5, 
2024/1/29, 28, 19, 13, 7, 
2024/1/30, 63, 9, 25, 2, 
2024/1/31, 27, 17, 28, 1, 
2024/2/1, 44, 12, 23, 2, 
2024/2/2, 34, 9, 24, 1, 
2024/2/3, 27, 12, 25, 1, 
2024/2/4, 32, 6, 25, 1, 
2024/2/5, 15, 3, 25, 2, 
2024/2/6, 8, 5, 24, 1, 
2024/2/7, 11, 5, 22, 3, 
2024/2/8, 12, 3, 23, 1, 
2024/2/9, 10, 5, 21, 1, 
2024/2/10, 22, 4, 18, , 
2024/2/11, 18, 3, 15, 4, 
2024/2/12, 11, 11, 18, 3, 
2024/2/13, 37, 12, 14, 4, 
2024/2/14, 44, 7, 9, 5, 
2024/2/15, 28, 8, 12, 4, 
2024/2/16, 28, 3, 16, 3, 
2024/2/17, 9, 5, 14, 4, 
2024/2/18, 18, 6, 13, 2, 
2024/2/19, 22, 10, 15, 2, 
2024/2/20, 29, 10, 17, 2, 
2024/2/21, 34, 7, 11, 3, 
2024/2/22, 26, 6, 18, 1, 
2024/2/23, 17, 6, 13, 3, 
2024/2/24, 19, 4, 13, 2, 
2024/2/25, 14, 11, 9, 6, 
2024/2/26, 42, 10, 8, 5, 
2024/2/27, 36, 14, 12, 3, 
2024/2/28, 50, 17, 10, 3, 
2024/2/29, 60, 36, 8, 4, 
2024/3/1, 100, 39, 6, 3, 
2024/3/2, 113, 30, 11, 2, 
2024/3/3, 88, 21, 11, 1, 
2024/3/4, 51, 12, 11, 2, 
2024/3/5, 35, 9, 10, 2, 
2024/3/6, 30, 9, 20, 4, 
2024/3/7, 27, 10, 24, 7, 
2024/3/8, 26, 8, 26, 1, 
2024/3/9, 29, 12, 26, 1, 
2024/3/10, 45, 11, 25, 2, 
2024/3/11, 38, 9, 22, 3, 
2024/3/12, 35, 19, 18, 4, 
2024/3/13, 66, 15, 16, 5, 
2024/3/14, 55, 13, 18, 6, 
2024/3/15, 49, 9, 27, 2, 
2024/3/16, 31, 2, 24, 2, 
2024/3/17, 5, 4, 26, 2, 
2024/3/18, 8, 7, 24, 3, 
2024/3/19, 26, 15, 19, 7, 
2024/3/20, 51, 11, 21, 7, 
2024/3/21, 40, 11, 24, 3, 
2024/3/22, 40, 9, 28, 2, 
2024/3/23, 26, 8, 25, 3, 
2024/3/24, 28, 8, 22, 5, 
2024/3/25, 28, 8, 26, 4, 
2024/3/26, 24, 13, 27, 3, 
2024/3/27, 43, 15, 24, 4, 
2024/3/28, 48, 5, 26, 4, 
2024/3/29, 18, 8, 25, 4, 
2024/3/30, 31, 11, 21, 7, 
2024/3/31, 34, 17, 21, 4, 
2023/10/1, 23, 15, 17, 2, 
2023/10/2, 52, 16, 20, 2, 
2023/10/3, 50, 10, 21, 1, 
2023/10/4, 26, 9, 21, 1, 
2023/10/5, 22, 7, 18, 1, 
2023/10/6, 22, 8, 19, 1, 
2023/10/7, 17, 2, 18, 1, 
2023/10/8, 6, 3, 21, 1, 
2023/10/9, 7, , , , 
2023/10/11, 31, 13, 22, 1, 
2023/10/12, 29, 14, 19, 2, 
2023/10/13, 37, 8, 21, , 
2023/10/14, 20, 8, 21, , 
2023/10/15, 19, 8, 20, 1, 
2023/10/16, 16, , , , 
2023/10/26, 9, 2, 8, 3, 
2023/10/27, 7, 4, 14, , 
2023/10/28, 13, 5, 20, 1, 
2023/10/29, 15, 5, 21, 2, 
2023/10/30, 14, 4, 17, 3, 
2023/10/31, 13, 3, 15, 2, 
2023/11/1, 7, 7, 14, 3, 
2023/11/2, 21, 8, 16, 3, 
2023/11/3, 27, 7, 18, 2, 
2023/11/4, 22, 4, 16, 2, 
2023/11/5, 15, 6, 18, 2, 
2023/11/6, 19, 6, 17, 2, 
2023/11/7, 21, 6, 17, 2, 
2023/11/8, 20, 4, 21, 2, 
2023/11/9, 13, 6, 21, 2, 
2023/11/10, 17, 6, 13, 4, 
2023/11/11, 20, 7, 17, 3, 
2023/11/12, 25, 6, 19, 4, 
2023/11/13, 17, 3, 21, 1, 
2023/11/14, 9, 2, 17, 2, 
2023/11/15, 6, 1, 20, 1, 
2023/11/16, 4, 2, 17, 2, 
2023/11/17, 6, 5, 13, 3, 
2023/11/18, 15, 4, 16, 1, 
2023/11/19, 16, 7, 13, 3, 
2023/11/20, 27, 7, 13, 3, 
2023/11/21, 19, 4, 20, 3, 
2023/11/22, 12, 6, 25, 1, 
2023/11/23, 16, 6, 24, 1, 
2023/11/24, 12, 2, 21, 2, 
2023/11/25, 6, 4, 20, 2, 
2023/11/26, 8, 5, 15, 3, 
2023/11/27, 13, 8, 15, 3, 
2023/11/28, 17, 6, 11, 7, 
2023/11/29, 24, 6, 15, 4, 
2023/11/30, 22, , , , 
2023/12/4, 48, 8, 18, 2, 
2023/12/5, 33, 12, 17, 2, 
2023/12/6, 47, 24, 10, 6, 
2023/12/7, 74, 24, 12, 5, 
2023/12/8, 77, 20, 8, 5, 
2023/12/9, 70, 13, 12, 2, 
2023/12/10, 51, 5, 9, 4, 
2023/12/11, 21, 7, 9, 3, 
2023/12/12, 19, 7, 13, 2, 
2023/12/13, 22, 8, 11, 5, 
2023/12/14, 22, 11, 17, 4, 
2023/12/15, 42, 10, 19, 2, 
2023/12/16, 37, 9, 20, 1, 
2023/12/17, 31, 5, 19, 1, 
2023/12/18, 19, 5, 20, 3, 
2023/12/19, 16, 7, 23, 1, 
2023/12/20, 19, 8, 26, 1, 
2023/12/21, 21, 12, 27, , 
2023/12/22, 24, 7, 26, , 
2023/12/23, 14, 5, 27, 1, 
2023/12/24, 14, 14, 26, , 
2023/12/25, 37, 7, 24, 1, 
2023/12/26, 18, 13, 23, 4, 
2023/12/27, 32, 10, 23, 2, 
2023/12/28, 32, 11, 25, 1, 
2023/12/29, 31, 9, 23, 1, 
2023/12/30, 22, 9, 17, 2, 
2023/12/31, 31, 13, 14, 3, 
2023/7/1, 19, 9, 25, , 
2023/7/2, 21, 7, 24, , 
2023/7/3, 17, 6, 24, , 
2023/7/4, 15, 9, 27, 1, 
2023/7/5, 20, 5, 23, , 
2023/7/6, 14, 5, 30, 3, 
2023/7/7, 13, 6, 29, 6, 
2023/7/8, 17, 6, 29, 3, 
2023/7/9, 16, 7, 28, 4, 
2023/7/10, 23, 7, 31, 2, 
2023/7/11, 20, 6, 27, 2, 
2023/7/12, 17, 6, 26, 1, 
2023/7/13, 15, 6, 26, 2, 
2023/7/14, 15, 10, 41, 2, 
2023/7/15, 24, 7, 27, 1, 
2023/7/16, 19, 7, 24, 1, 
2023/7/17, 19, 6, 22, 1, 
2023/7/18, 14, 5, 22, 1, 
2023/7/19, 11, 5, 21, 1, 
2023/7/20, 11, 6, 25, , 
2023/7/21, 16, 4, 24, 1, 
2023/7/22, 12, 4, 22, 1, 
2023/7/23, 14, 8, 22, 1, 
2023/7/24, 21, 7, 21, 1, 
2023/7/25, 15, 5, 25, , 
2023/7/26, 12, 6, 28, 1, 
2023/7/27, 17, 8, 31, 4, 
2023/7/28, 28, 7, 22, 3, 
2023/7/29, 22, 7, 25, 1, 
2023/7/30, 19, 5, 24, 1, 
2023/7/31, 14, 2, 28, 1, 
2023/8/1, 7, 4, 27, 1, 
2023/8/2, 11, 5, 25, 1, 
2023/8/3, 14, 7, 24, 1, 
2023/8/4, 19, 6, 25, 1, 
2023/8/5, 15, 5, 28, 2, 
2023/8/6, 13, 1, 28, , 
2023/8/7, 2, 10, 23, , 
2023/8/8, 19, 7, 22, 1, 
2023/8/9, 19, 9, 21, 1, 
2023/8/10, 22, 9, 23, 3, 
2023/8/11, 22, 11, 29, 4, 
2023/8/12, 29, 11, 25, 1, 
2023/8/13, 34, 9, 31, 4, 
2023/8/14, 23, 16, 28, 3, 
2023/8/15, 46, 7, 26, 1, 
2023/8/16, 18, 8, 23, 5, 
2023/8/17, 16, 6, 21, 1, 
2023/8/18, 15, 7, 24, , 
2023/8/19, 24, 7, 23, 2, 
2023/8/20, 23, 7, 20, 4, 
2023/8/21, 19, 8, 25, 3, 
2023/8/22, 18, 8, 24, 2, 
2023/8/23, 22, 6, 22, 2, 
2023/8/24, 15, 9, 24, 3, 
2023/8/25, 27, 8, 25, 2, 
2023/8/26, 28, 6, 23, 2, 
2023/8/27, 18, 4, 25, 1, 
2023/8/28, 10, 6, 20, 4, 
2023/8/29, 12, 7, 23, 3, 
2023/8/30, 15, 5, 21, 4, 
2023/8/31, 13, 4, 21, 2, 
2023/9/1, 11, 7, 21, 2, 
2023/9/2, 21, 6, 21, 1, 
2023/9/3, 16, 8, 27, 2, 
2023/9/4, 25, 10, 29, 3, 
2023/9/5, 29, 16, 28, 4, 
2023/9/6, 41, 10, 22, 1, 
2023/9/7, 30, 17, 35, 3, 
2023/9/8, 43, 20, 34, 2, 
2023/9/9, 58, 27, 36, 5, 
2023/9/10, 76, 23, 35, 2, 
2023/9/11, 66, 26, 28, 2, 
2023/9/12, 71, 8, 18, 2, 
2023/9/13, 16, 7, 20, 4, 
2023/9/14, 14, 8, 25, 3, 
2023/9/15, 17, 11, 26, 2, 
2023/9/16, 25, 11, 27, 2, 
2023/9/17, 27, 15, 27, 2, 
2023/9/18, 41, 10, 21, 1, 
2023/9/19, 23, 8, 16, 2, 
2023/9/20, 20, 11, 29, 3, 
2023/9/21, 23, 10, 22, 2, 
2023/9/22, 28, 6, 20, 3, 
2023/9/23, 19, 6, 21, 1, 
2023/9/24, 14, 7, 21, 3, 
2023/9/25, 22, 17, 22, 4, 
2023/9/26, 49, 23, 28, 4, 
2023/9/27, 63, 26, 23, 3, 
2023/9/28, 66, 14, 20, 4, 
2023/9/29, 41, 10, 19, 1, 
2023/9/30, 26, 8, 19, 1, 
2023/4/1, 12, 3, 28, 2, 
2023/4/2, 7, 7, 28, 3, 
2023/4/3, 12, 5, 24, 6, 
2023/4/4, 12, 6, 29, 3, 
2023/4/5, 13, 10, 39, 2, 
2023/4/6, 28, 6, 33, 2, 
2023/4/7, 19, 9, 26, 4, 
2023/4/8, 25, 8, 33, 3, 
2023/4/9, 18, 8, 40, 2, 
2023/4/10, 23, 8, 33, 3, 
2023/4/11, 29, 7, 36, 2, 
2023/4/12, 21, 7, 39, 2, 
2023/4/13, 25, 17, 27, 4, 
2023/4/14, 53, 18, 33, 1, 
2023/4/15, 59, 15, 27, 5, 
2023/4/16, 48, 22, 37, 4, 
2023/4/17, 55, 16, 39, 3, 
2023/4/18, 34, 13, 42, 2, 
2023/4/19, 15, 16, 48, 2, 
2023/4/20, 27, 15, 42, 2, 
2023/4/21, 24, 14, 43, 3, 
2023/4/22, 26, 12, 40, 3, 
2023/4/23, 39, 10, 37, 3, 
2023/4/24, 37, 9, 38, 1, 
2023/4/25, 25, 9, 34, 1, 
2023/4/26, 18, 7, 31, 1, 
2023/4/27, 13, 7, 35, 2, 
2023/4/28, 15, 16, 39, 2, 
2023/4/29, 28, , , , 
2023/5/2, 14, 10, 35, 2, 
2023/5/3, 23, 10, 32, 5, 
2023/5/4, 21, 13, 37, 1, 
2023/5/5, 16, 12, 36, 1, 
2023/5/6, 30, 9, 42, 1, 
2023/5/7, 21, 11, 41, 3, 
2023/5/8, 25, 15, 44, 2, 
2023/5/9, 29, 16, 44, 2, 
2023/5/10, 29, 18, 49, 2, 
2023/5/11, 35, 17, 50, 2, 
2023/5/12, 31, 17, 49, 2, 
2023/5/13, 36, 21, 48, 2, 
2023/5/14, 41, 19, 43, 2, 
2023/5/15, 41, 12, 34, 3, 
2023/5/16, 33, 10, 29, 2, 
2023/5/17, 17, 12, 37, 2, 
2023/5/18, 28, 12, 32, 5, 
2023/5/19, 32, 5, 33, 1, 
2023/5/20, 9, 12, 41, 2, 
2023/5/21, 27, 12, 39, 2, 
2023/5/22, 20, 12, 33, 5, 
2023/5/23, 26, 11, 41, 3, 
2023/5/24, 38, 13, 36, 3, 
2023/5/25, 37, 13, 33, 2, 
2023/5/26, 31, 12, 32, 2, 
2023/5/27, 33, 9, 30, 3, 
2023/5/28, 27, 10, 36, 3, 
2023/5/29, 21, 10, 34, 3, 
2023/5/30, 21, 12, 32, 3, 
2023/5/31, 22, 13, 32, 2, 
2023/6/1, 25, 6, 27, 1, 
2023/6/2, 10, 7, 34, 2, 
2023/6/3, 13, 9, 36, 2, 
2023/6/4, 22, 12, 36, 3, 
2023/6/5, 28, 12, 41, 4, 
2023/6/6, 34, 15, 38, , 
2023/6/7, 33, 19, 43, 4, 
2023/6/8, 48, 12, 33, 3, 
2023/6/9, 25, 11, 29, 1, 
2023/6/10, 12, 12, 31, 1, 
2023/6/11, 16, 13, 32, 1, 
2023/6/12, 18, 14, 34, 2, 
2023/6/13, 19, 15, 41, 2, 
2023/6/14, 22, 17, 38, 3, 
2023/6/15, 28, 14, 40, 3, 
2023/6/16, 31, 12, 37, 3, 
2023/6/17, 38, 9, 40, 2, 
2023/6/18, 33, 12, 40, 3, 
2023/6/19, 43, 13, 46, 3, 
2023/6/20, 42, 14, 36, 2, 
2023/6/21, 42, 8, 29, 3, 
2023/6/22, 22, 7, 30, 3, 
2023/6/23, 21, 8, 28, 2, 
2023/6/24, 25, 9, 32, 3, 
2023/6/25, 27, 9, 34, 2, 
2023/6/26, 27, 9, 28, 1, 
2023/6/27, 19, 10, 27, 1, 
2023/6/28, 29, 8, 25, 2, 
2023/6/29, 29, 9, 24, 2, 
2023/6/30, 28, 6, 26, 2, 
2023/1/2, 21, 7, 24, 2, 
2023/1/3, 19, 5, 22, 2, 
2023/1/4, 20, 3, 20, 2, 
2023/1/5, 9, 5, 23, 1, 
2023/1/6, 16, 9, 19, 4, 
2023/1/7, 32, 7, 12, 3, 
2023/1/8, 27, 8, 19, 4, 
2023/1/9, 30, 10, 19, 2, 
2023/1/10, 36, 7, 20, 2, 
2023/1/11, 24, 5, 22, 2, 
2023/1/12, 16, 8, 24, 2, 
2023/1/13, 23, 7, 25, 1, 
2023/1/14, 21, 6, 26, 1, 
2023/1/15, 16, 6, 24, 2, 
2023/1/16, 19, 7, 22, 2, 
2023/1/17, 26, 7, 18, 3, 
2023/1/18, 22, 9, 17, 4, 
2023/1/19, 37, 4, 20, 5, 
2023/1/20, 13, 5, 15, 3, 
2023/1/21, 22, 4, 18, 1, 
2023/1/22, 14, 7, 15, 5, 
2023/1/23, 17, 7, 16, 1, 
2023/1/24, 27, 18, 16, 3, 
2023/1/25, 63, 6, 17, 4, 
2023/1/26, 26, 5, 17, 7, 
2023/1/27, 13, 9, 19, 5, 
2023/1/28, 35, 7, 21, 1, 
2023/1/29, 22, 10, 25, 1, 
2023/1/30, 25, 7, 27, 1, 
2023/1/31, 19, 10, 25, 1, 
2023/2/1, 27, 5, 22, 3, 
2023/2/2, 11, 5, 22, 3, 
2023/2/3, 13, 3, 18, 2, 
2023/2/4, 8, 5, 19, 2, 
2023/2/5, 15, 8, 18, 4, 
2023/2/6, 29, 11, 17, 4, 
2023/2/7, 46, 18, 16, 6, 
2023/2/8, 63, 24, 18, 5, 
2023/2/9, 73, 12, 23, 2, 
2023/2/10, 35, 13, 25, 1, 
2023/2/11, 39, 9, 24, 3, 
2023/2/12, 30, 7, 24, 2, 
2023/2/13, 17, 10, 24, 2, 
2023/2/14, 33, 24, 15, 4, 
2023/2/15, 76, 34, 13, 8, 
2023/2/16, 103, 16, 30, 3, 
2023/2/17, 51, 11, 27, 1, 
2023/2/18, 29, 6, 25, 2, 
2023/2/19, 16, 9, 26, 1, 
2023/2/20, 26, 16, 25, 3, 
2023/2/21, 38, 4, 23, 2, 
2023/2/22, 10, 15, 20, 4, 
2023/2/23, 50, 5, 25, 2, 
2023/2/24, 15, 2, 24, 1, 
2023/2/25, 4, 3, 23, 2, 
2023/2/26, 8, 8, 19, 9, 
2023/2/27, 19, 13, 13, 10, 
2023/2/28, 46, 9, 13, 11, 
2023/3/1, 34, 9, 20, 8, 
2023/3/2, 25, 10, 24, 5, 
2023/3/3, 35, 7, 26, 1, 
2023/3/4, 16, 4, 26, 1, 
2023/3/5, 8, 6, 24, 4, 
2023/3/6, 14, 5, 25, 2, 
2023/3/7, 16, 5, 26, 4, 
2023/3/8, 10, 8, 25, 5, 
2023/3/9, 18, 7, 25, 3, 
2023/3/10, 21, 4, 26, 1, 
2023/3/11, 12, 6, 27, 1, 
2023/3/12, 13, 9, 29, 2, 
2023/3/13, 30, 9, 27, 2, 
2023/3/14, 23, 7, 26, 1, 
2023/3/15, 18, 3, 26, , 
2023/3/16, 9, , , , 
2023/3/20, 12, 7, 16, 5, 
2023/3/21, 29, 12, 22, 3, 
2023/3/22, 44, 9, 29, 2, 
2023/3/23, 29, 8, 29, 2, 
2023/3/24, 28, 7, 25, 2, 
2023/3/25, 24, 4, 28, 2, 
2023/3/26, 12, 3, 27, 2, 
2023/3/27, 6, 5, 26, 2, 
2023/3/28, 8, 10, 23, 3, 
2023/3/29, 35, 13, 28, 5, 
2023/3/30, 45, 6, 26, 2, 
2023/3/31, 24, 4, 27, 1, 
2022/10/1, 25, 7, 21, 1, 
2022/10/2, 18, 9, 19, 1, 
2022/10/3, 20, 9, 20, 2, 
2022/10/4, 28, 11, 18, 3, 
2022/10/5, 36, 10, 22, 1, 
2022/10/6, 24, 11, 22, 2, 
2022/10/7, 28, 7, 20, 1, 
2022/10/8, 19, 6, 19, 1, 
2022/10/9, 16, 7, 21, 2, 
2022/10/10, 20, 9, 21, 1, 
2022/10/11, 22, 7, 21, 2, 
2022/10/12, 19, 12, 17, 4, 
2022/10/13, 35, 15, 19, 4, 
2022/10/14, 51, 13, 16, 4, 
2022/10/15, 49, 9, 23, 1, 
2022/10/16, 26, 10, 18, 4, 
2022/10/17, 26, 9, 20, 2, 
2022/10/18, 25, 4, 18, 2, 
2022/10/19, 7, 4, 21, 3, 
2022/10/20, 8, 16, 14, 4, 
2022/10/21, 50, 20, 13, 5, 
2022/10/22, 64, 11, 19, 2, 
2022/10/23, 37, 11, 24, 3, 
2022/10/24, 33, 8, 21, 2, 
2022/10/25, 23, 12, 18, 3, 
2022/10/26, 38, 14, 15, 5, 
2022/10/27, 45, 18, 10, 6, 
2022/10/28, 49, 12, 20, 3, 
2022/10/29, 32, 14, 18, 3, 
2022/10/30, 41, 15, 14, 6, 
2022/10/31, 51, 15, 19, 2, 
2022/11/1, 45, 8, 20, 2, 
2022/11/2, 21, 9, 16, 4, 
2022/11/3, 25, 12, 24, 4, 
2022/11/4, 39, 8, 21, 2, 
2022/11/5, 19, 7, 16, 2, 
2022/11/6, 26, 7, 17, 2, 
2022/11/7, 23, 8, 14, 3, 
2022/11/8, 27, 7, , 3, 
2022/11/9, 20, 8, , 2, 
2022/11/10, 22, 13, 4, 2, 
2022/11/11, 39, 18, , 3, 
2022/11/12, 54, 4, , 2, 
2022/11/13, 14, 7, , 1, 
2022/11/14, 26, 19, 4, 2, 
2022/11/15, 61, 3, , 1, 
2022/11/16, 6, 3, 20, 1, 
2022/11/17, 8, 3, 17, 3, 
2022/11/18, 8, 3, 16, 1, 
2022/11/19, 8, 3, 16, 2, 
2022/11/20, 12, 4, 12, 5, 
2022/11/21, 14, 10, 15, 3, 
2022/11/22, 39, 24, 9, 4, 
2022/11/23, 78, 21, 8, 5, 
2022/11/24, 70, 17, 11, 4, 
2022/11/25, 61, 11, 12, 4, 
2022/11/26, 41, 10, 13, 3, 
2022/11/27, 38, 9, 17, 2, 
2022/11/28, 32, 15, 16, 4, 
2022/11/29, 50, 14, 12, 5, 
2022/11/30, 52, 10, 10, 5, 
2022/12/1, 41, 7, 16, 3, 
2022/12/2, 23, 7, 16, 1, 
2022/12/3, 26, 5, 13, 2, 
2022/12/4, 19, 3, 6, 3, 
2022/12/5, 11, 4, 17, 4, 
2022/12/6, 12, 8, 22, 5, 
2022/12/7, 24, 8, 19, 12, 
2022/12/8, 19, 6, 21, 4, 
2022/12/9, 26, 13, 18, 4, 
2022/12/10, 50, 7, 10, 3, 
2022/12/11, 32, 6, 15, 2, 
2022/12/12, 20, 7, 16, 3, 
2022/12/13, 20, 11, 15, 5, 
2022/12/14, 41, 7, 15, 7, 
2022/12/15, 28, 13, 7, 16, 
2022/12/16, 36, 17, 13, 11, 
2022/12/17, 52, 10, 18, 4, 
2022/12/18, 42, 14, 15, 5, 
2022/12/19, 53, 13, 8, 5, 
2022/12/20, 50, 8, 17, 3, 
2022/12/21, 30, 15, 17, 4, 
2022/12/22, 51, 5, 21, 2, 
2022/12/23, 14, 3, 13, 2, 
2022/12/24, 8, 8, 16, 2, 
2022/12/25, 34, 6, 24, 2, 
2022/12/26, 22, 6, 25, 1, 
2022/12/27, 16, 7, 19, 2, 
2022/12/28, 24, 6, 22, 1, 
2022/12/29, 17, 10, 20, 2, 
2022/12/30, 28, 6, 21, 1, 
2022/12/31, 22, 14, 23, 1, 
2023/1/1, 43, 6, 25, 2, 
2022/7/1, 27, 7, 26, 1, 
2022/7/2, 18, 8, 32, 2, 
2022/7/3, 23, 6, 25, 1, 
2022/7/4, 15, 7, 21, 1, 
2022/7/5, 14, 8, 22, 1, 
2022/7/6, 14, 4, 17, 1, 
2022/7/7, 8, 9, 22, 1, 
2022/7/8, 17, 8, 17, , 
2022/7/9, 14, 7, 17, 1, 
2022/7/10, 14, 5, 18, 1, 
2022/7/11, 9, 6, 17, 3, 
2022/7/12, 12, 11, 31, 1, 
2022/7/13, 21, 8, 19, , 
2022/7/14, 14, 9, 19, 1, 
2022/7/15, 16, 5, 20, , 
2022/7/16, 10, 7, 20, 1, 
2022/7/17, 16, 9, 31, 2, 
2022/7/18, 26, 14, 39, 4, 
2022/7/19, 35, 15, 38, 3, 
2022/7/20, 37, 24, 39, 2, 
2022/7/21, 58, 11, 23, , 
2022/7/22, 28, 4, 16, 1, 
2022/7/23, 13, 8, 24, 1, 
2022/7/24, 21, 12, 40, 2, 
2022/7/25, 29, 8, 20, , 
2022/7/26, 17, 7, 20, , 
2022/7/27, 14, 9, 25, 1, 
2022/7/28, 19, 8, 25, 2, 
2022/7/29, 19, 6, 25, , 
2022/7/30, 12, 5, 16, 1, 
2022/7/31, 14, , , , 
2022/8/8, 25, 8, 20, 4, 
2022/8/9, 20, 9, 23, 3, 
2022/8/10, 15, 11, 25, 3, 
2022/8/11, 20, 12, 29, 5, 
2022/8/12, 22, 15, 33, 4, 
2022/8/13, 35, 20, 27, 3, 
2022/8/14, 33, 16, 29, 2, 
2022/8/15, 40, , , , 
2022/8/17, 63, 20, 37, 4, 
2022/8/18, 53, 22, 27, 5, 
2022/8/19, 62, 10, 22, 2, 
2022/8/20, 32, 7, 24, 5, 
2022/8/21, 17, 9, 23, 3, 
2022/8/22, 19, 10, 21, 3, 
2022/8/23, 19, 8, 24, 2, 
2022/8/24, 17, 7, 22, 2, 
2022/8/25, 17, 22, 26, 2, 
2022/8/26, 41, 15, 24, 1, 
2022/8/27, 38, 8, 23, 1, 
2022/8/28, 24, 4, 14, 1, 
2022/8/29, 7, 4, 9, 2, 
2022/8/30, 7, 6, 18, 2, 
2022/8/31, 9, 4, 23, 2, 
2022/9/1, 10, 7, 20, 5, 
2022/9/2, 12, 3, 22, 1, 
2022/9/3, 6, 3, 24, 1, 
2022/9/4, 7, 3, 23, 1, 
2022/9/5, 5, 3, 22, 1, 
2022/9/6, 5, 7, 28, 1, 
2022/9/7, 11, 8, 27, 1, 
2022/9/8, 12, 7, 25, 2, 
2022/9/9, 23, 8, 17, 1, 
2022/9/10, 29, , , , 
2022/9/12, 16, 6, 26, 1, 
2022/9/13, 16, 6, 25, 1, 
2022/9/14, 12, 7, 24, 1, 
2022/9/15, 15, 6, 21, 1, 
2022/9/16, 14, 3, 20, 2, 
2022/9/17, 6, 6, 21, 1, 
2022/9/18, 14, 4, 17, 1, 
2022/9/19, 6, 3, 18, 2, 
2022/9/20, 6, 6, , 5, 
2022/9/21, 9, 6, 22, 6, 
2022/9/22, 12, 6, 24, 3, 
2022/9/23, 13, 9, 27, 4, 
2022/9/24, 28, 14, 27, 3, 
2022/9/25, 48, 5, 24, 1, 
2022/9/26, 13, 5, 20, 3, 
2022/9/27, 14, 4, 20, 2, 
2022/9/28, 10, 2, 19, 2, 
2022/9/29, 7, 6, 23, 3, 
2022/9/30, 17, 7, 18, 3, 
2022/4/1, 14, 4, 28, 2, 
2022/4/2, 9, 6, 28, 2, 
2022/4/3, 15, 7, 28, 1, 
2022/4/4, 22, 7, 27, 2, 
2022/4/5, 16, 8, 22, 4, 
2022/4/6, 23, 7, 29, 2, 
2022/4/7, 18, 5, 29, 1, 
2022/4/8, 12, 10, 30, 1, 
2022/4/9, 22, 12, 30, 1, 
2022/4/10, 25, 10, 29, 3, 
2022/4/11, 21, 9, 29, 6, 
2022/4/12, 20, 18, 31, 4, 
2022/4/13, 51, 24, 23, 5, 
2022/4/14, 71, 6, 25, 3, 
2022/4/15, 24, 8, 25, 6, 
2022/4/16, 29, 8, 30, 5, 
2022/4/17, 31, 12, 28, 5, 
2022/4/18, 38, 8, 29, 6, 
2022/4/19, 17, 10, 30, 4, 
2022/4/20, 20, 10, 28, 3, 
2022/4/21, 17, 9, 26, 2, 
2022/4/22, 14, 9, 27, 2, 
2022/4/23, 25, 7, 29, 1, 
2022/4/24, 15, 7, 29, 4, 
2022/4/25, 15, 9, 30, 3, 
2022/4/26, 22, 13, 26, 4, 
2022/4/27, 40, 11, 27, 4, 
2022/4/28, 25, 12, 30, 4, 
2022/4/29, 32, 12, 29, 3, 
2022/4/30, 37, 13, 29, 5, 
2022/5/1, 38, 11, 30, 4, 
2022/5/2, 25, 12, 28, 2, 
2022/5/3, 36, 14, 30, 3, 
2022/5/4, 42, 16, 29, 4, 
2022/5/5, 43, 11, 26, 2, 
2022/5/6, 28, 15, 31, 3, 
2022/5/7, 42, 11, 25, 4, 
2022/5/8, 26, 7, 28, 2, 
2022/5/9, 16, 15, 34, 3, 
2022/5/10, 33, 11, 25, 2, 
2022/5/11, 35, 7, 24, 1, 
2022/5/12, 17, 9, 27, 2, 
2022/5/13, 26, 11, 28, 1, 
2022/5/14, 28, 7, 31, 3, 
2022/5/15, 21, 10, 25, 5, 
2022/5/16, 26, 7, 26, 3, 
2022/5/17, 16, 8, 29, 2, 
2022/5/18, 17, 20, 31, 7, 
2022/5/19, 53, 17, 28, 4, 
2022/5/20, 50, 7, 36, 1, 
2022/5/21, 20, , , , 
2022/5/23, 13, 8, 30, 3, 
2022/5/24, 23, 6, 28, 1, 
2022/5/25, 14, 7, 26, 1, 
2022/5/26, 19, 6, 26, 1, 
2022/5/27, 13, 5, 26, 1, 
2022/5/28, 11, 8, 26, 2, 
2022/5/29, 24, 7, 23, 3, 
2022/5/30, 21, 5, 26, 2, 
2022/5/31, 18, 5, 30, 2, 
2022/6/1, 16, 6, 23, 1, 
2022/6/2, 20, 9, 24, 2, 
2022/6/3, 30, 9, 26, 4, 
2022/6/4, 31, 9, 28, 5, 
2022/6/5, 30, 8, 29, 2, 
2022/6/6, 28, 11, 29, 3, 
2022/6/7, 35, 7, 31, 1, 
2022/6/8, 20, 10, 31, 3, 
2022/6/9, 32, 9, 27, 2, 
2022/6/10, 22, 10, 29, 2, 
2022/6/11, 33, 10, 25, 1, 
2022/6/12, 25, 8, 26, 1, 
2022/6/13, 19, 8, 23, 1, 
2022/6/14, 18, 7, 23, 2, 
2022/6/15, 19, 8, 25, 2, 
2022/6/16, 17, 11, 34, 2, 
2022/6/17, 28, 11, 31, 2, 
2022/6/18, 31, 9, 23, 3, 
2022/6/19, 19, 6, 23, 2, 
2022/6/20, 16, 8, 21, 2, 
2022/6/21, 20, 8, 19, 3, 
2022/6/22, 21, 6, 22, 3, 
2022/6/23, 19, 10, 38, 2, 
2022/6/24, 28, 16, 34, 4, 
2022/6/25, 41, 18, 39, 3, 
2022/6/26, 54, 21, 39, 3, 
2022/6/27, 56, 7, 25, 2, 
2022/6/28, 19, 8, 30, 3, 
2022/6/29, 23, 10, 23, 5, 
2022/6/30, 22, 9, 29, 2, 
2022/1/3, 32, 9, 23, 3, 
2022/1/4, 19, 7, 21, 1, 
2022/1/5, 15, 9, 20, 3, 
2022/1/6, 14, 14, 14, 4, 
2022/1/7, 39, 11, 21, 2, 
2022/1/8, 37, 12, 19, 2, 
2022/1/9, 46, 24, 21, 5, 
2022/1/10, 74, 27, 23, 6, 
2022/1/11, 84, 17, 24, 5, 
2022/1/12, 54, 7, 31, 2, 
2022/1/13, 24, 12, 32, 2, 
2022/1/14, 29, 17, 23, 5, 
2022/1/15, 47, 15, 34, 3, 
2022/1/16, 51, 12, 34, 1, 
2022/1/17, 25, 10, 25, 4, 
2022/1/18, 28, 15, 33, 3, 
2022/1/19, 54, 9, 34, 1, 
2022/1/20, 16, 8, 29, 3, 
2022/1/21, 18, 7, 24, 5, 
2022/1/22, 17, 6, 25, 3, 
2022/1/23, 24, 7, 28, 2, 
2022/1/24, 22, 9, 26, 5, 
2022/1/25, 27, 11, 26, 3, 
2022/1/26, 35, 8, 34, 1, 
2022/1/27, 26, 10, 32, 3, 
2022/1/28, 22, 11, 35, 1, 
2022/1/29, 32, 16, 35, , 
2022/1/30, 37, 16, 25, 8, 
2022/1/31, 27, 9, 32, 4, 
2022/2/1, 22, 5, 26, 4, 
2022/2/2, 12, 11, 26, 4, 
2022/2/3, 38, 13, 36, 4, 
2022/2/4, 50, 9, 32, 1, 
2022/2/5, 24, 4, 33, 2, 
2022/2/6, 13, 11, 32, 2, 
2022/2/7, 26, 10, 31, 2, 
2022/2/8, 29, 7, 28, 2, 
2022/2/9, 22, 11, 28, 3, 
2022/2/10, 28, 9, 34, 2, 
2022/2/11, 21, 10, 31, 3, 
2022/2/12, 25, 10, 27, 3, 
2022/2/13, 32, 12, 26, 4, 
2022/2/14, 38, 9, 32, 3, 
2022/2/15, 26, 10, 30, 3, 
2022/2/16, 35, 6, 34, 2, 
2022/2/17, 16, 11, 35, 2, 
2022/2/18, 29, 7, 33, 1, 
2022/2/19, 18, 6, 31, 2, 
2022/2/20, 16, 7, 37, 1, 
2022/2/21, 19, 8, 31, 2, 
2022/2/22, 19, 13, 34, 2, 
2022/2/23, 34, 9, 31, 4, 
2022/2/24, 29, 7, 32, 2, 
2022/2/25, 18, 7, 25, 5, 
2022/2/26, 20, 6, 30, 5, 
2022/2/27, 21, 7, 28, 6, 
2022/2/28, 25, 16, 26, 5, 
2022/3/1, 52, 20, 28, 9, 
2022/3/2, 59, 7, 26, 5, 
2022/3/3, 20, 7, 29, 6, 
2022/3/4, 15, 5, 32, 3, 
2022/3/5, 15, 7, 31, 4, 
2022/3/6, 22, 6, 26, 7, 
2022/3/7, 12, 11, 26, 8, 
2022/3/8, 35, 16, 26, 8, 
2022/3/9, 47, 11, 30, 2, 
2022/3/10, 38, 15, 34, 3, 
2022/3/11, 47, 16, 34, 3, 
2022/3/12, 50, 20, 38, 3, 
2022/3/13, 61, 32, 37, 4, 
2022/3/14, 87, 29, 24, 6, 
2022/3/15, 88, 20, 25, 6, 
2022/3/16, 61, 32, 28, 5, 
2022/3/17, 96, 14, 28, 4, 
2022/3/18, 38, 7, 30, 2, 
2022/3/19, 18, 17, 41, 2, 
2022/3/20, 53, 27, 43, 4, 
2022/3/21, 72, 35, 37, 11, 
2022/3/22, 82, 44, 35, 17, 
2022/3/23, 101, 42, 40, 10, 
2022/3/24, 100, 35, 37, 8, 
2022/3/25, 77, 10, 33, 3, 
2022/3/26, 29, 8, 32, 4, 
2022/3/27, 17, 14, 39, 2, 
2022/3/28, 38, 14, 32, 4, 
2022/3/29, 31, 5, 24, 3, 
2022/3/30, 10, 6, 24, 5, 
2022/3/31, 12, 7, 27, 5, 
2021/10/1, 23, 15, 18, 5, 
2021/10/2, 33, 18, 22, 3, 
2021/10/3, 48, 10, 22, 3, 
2021/10/4, 20, 11, 19, 5, 
2021/10/5, 23, 10, 19, 4, 
2021/10/6, 31, 14, 17, 7, 
2021/10/7, 39, 12, 16, 5, 
2021/10/8, 38, 27, 23, 4, 
2021/10/9, 62, 20, 26, 5, 
2021/10/10, 52, 15, 24, 2, 
2021/10/11, 30, 6, 23, 2, 
2021/10/12, 9, 7, 23, 4, 
2021/10/13, 10, 7, 23, 2, 
2021/10/14, 14, 12, 23, 2, 
2021/10/15, 24, 10, 23, 2, 
2021/10/16, 21, 7, 22, 2, 
2021/10/17, 15, 9, 18, 4, 
2021/10/18, 14, 15, 15, 6, 
2021/10/19, 44, 15, 23, 3, 
2021/10/20, 46, 9, 24, 3, 
2021/10/21, 19, 9, 26, 1, 
2021/10/22, 15, 11, 22, 2, 
2021/10/23, 22, 12, 23, 2, 
2021/10/24, 21, 14, 18, 5, 
2021/10/25, 38, 14, 22, 3, 
2021/10/26, 41, 14, 19, 2, 
2021/10/27, 38, 16, 19, 4, 
2021/10/28, 47, 23, 12, 7, 
2021/10/29, 64, 30, 20, 5, 
2021/10/30, 80, 22, 17, 3, 
2021/10/31, 63, 18, 20, 4, 
2021/11/1, 50, 14, 12, 7, 
2021/11/2, 35, 19, 10, 9, 
2021/11/3, 52, 14, 18, 5, 
2021/11/4, 42, 8, 21, 2, 
2021/11/5, 14, 11, 21, 2, 
2021/11/6, 28, 11, 21, 1, 
2021/11/7, 27, 4, 17, 3, 
2021/11/8, 8, 8, 17, 3, 
2021/11/9, 18, 18, 14, 5, 
2021/11/10, 50, 14, 14, 5, 
2021/11/11, 37, 13, 14, 5, 
2021/11/12, 28, 26, 13, 3, 
2021/11/13, 80, 17, 15, 2, 
2021/11/14, 46, 11, 15, 3, 
2021/11/15, 40, 19, 11, 5, 
2021/11/16, 63, 11, 15, 4, 
2021/11/17, 36, 8, 22, 2, 
2021/11/18, 19, 10, 23, 1, 
2021/11/19, 23, 13, 24, 1, 
2021/11/20, 27, 6, 23, 1, 
2021/11/21, 10, 5, 18, 4, 
2021/11/22, 8, 11, 22, 5, 
2021/11/23, 23, 7, 24, 3, 
2021/11/24, 11, 8, 20, 3, 
2021/11/25, 28, 9, 20, 3, 
2021/11/26, 14, 4, 15, 2, 
2021/11/27, 11, 3, 16, 2, 
2021/11/28, 10, 4, 14, 3, 
2021/11/29, 8, 7, 18, 3, 
2021/11/30, 13, 6, 18, 4, 
2021/12/1, 13, 7, 21, 2, 
2021/12/2, 7, 6, 20, 3, 
2021/12/3, 17, 7, 19, 3, 
2021/12/4, 20, 4, 18, 1, 
2021/12/5, 8, 7, 16, 3, 
2021/12/6, 11, 8, 20, 3, 
2021/12/7, 18, 17, 17, 2, 
2021/12/8, 59, 27, 13, 4, 
2021/12/9, 78, 20, 7, 7, 
2021/12/10, 63, 15, 7, 6, 
2021/12/11, 38, 12, 11, 4, 
2021/12/12, 40, 10, 12, 6, 
2021/12/13, 37, 8, 15, 7, 
2021/12/14, 28, 11, 17, 4, 
2021/12/15, 35, 17, 19, 3, 
2021/12/16, 38, 16, 17, 4, 
2021/12/17, 40, 9, 18, 3, 
2021/12/18, 24, 11, 22, 2, 
2021/12/19, 23, 8, 20, 6, 
2021/12/20, 11, 8, 14, 6, 
2021/12/21, 13, 13, 14, 7, 
2021/12/22, 42, 12, 15, 6, 
2021/12/23, 43, 5, 23, 2, 
2021/12/24, 14, 7, 22, 4, 
2021/12/25, 15, 11, 17, 7, 
2021/12/26, 31, 9, 20, 6, 
2021/12/27, 27, 30, 17, 4, 
2021/12/28, 94, 37, 9, 9, 
2021/12/29, 106, 17, 10, 4, 
2021/12/30, 53, 7, 16, 3, 
2021/12/31, 18, 15, 17, 3, 
2022/1/1, 36, 13, 16, 3, 
2022/1/2, 42, 13, 23, 2, 
2021/7/1, 28, 9, 19, 3, 
2021/7/2, 27, 16, 23, 3, 
2021/7/3, 48, 15, 27, 2, 
2021/7/4, 40, 15, 30, 2, 
2021/7/5, 44, 11, 28, 3, 
2021/7/6, 22, 10, 23, 2, 
2021/7/7, 22, 9, 26, 2, 
2021/7/8, 45, 11, 23, 3, 
2021/7/9, 27, 11, 22, 1, 
2021/7/10, 24, 8, 24, 3, 
2021/7/11, 21, 14, 31, 2, 
2021/7/12, 42, 13, 35, 1, 
2021/7/13, 39, 21, 36, 2, 
2021/7/14, 61, 21, 40, 3, 
2021/7/15, 58, 17, 29, 4, 
2021/7/16, 49, 14, 22, 2, 
2021/7/17, 44, 13, 20, , 
2021/7/18, 21, 10, 20, 2, 
2021/7/19, 21, 11, 21, 1, 
2021/7/20, 24, 9, 23, 1, 
2021/7/21, 18, 13, 25, 1, 
2021/7/22, 30, 17, 27, 2, 
2021/7/23, 37, 15, 33, 2, 
2021/7/24, 33, 13, 27, 1, 
2021/7/25, 31, 20, 39, 2, 
2021/7/26, 50, 20, 38, 3, 
2021/7/27, 55, 14, 33, 3, 
2021/7/28, 38, 13, 26, 1, 
2021/7/29, 24, 12, 28, 1, 
2021/7/30, 32, 12, 24, 2, 
2021/7/31, 30, 9, 23, 1, 
2021/8/1, 17, 9, 21, 1, 
2021/8/2, 15, 8, 23, 2, 
2021/8/3, 19, 8, 25, 3, 
2021/8/4, 20, 10, 29, 3, 
2021/8/5, 19, 11, 27, 1, 
2021/8/6, 23, 11, 28, 2, 
2021/8/7, 34, 9, 24, 1, 
2021/8/8, 26, 12, 25, 2, 
2021/8/9, 28, 10, 23, 3, 
2021/8/10, 25, 10, 24, 3, 
2021/8/11, 31, 11, 31, 4, 
2021/8/12, 27, 14, 28, 3, 
2021/8/13, 38, 16, 21, 1, 
2021/8/14, 27, 13, 23, 1, 
2021/8/15, 27, 8, 26, 2, 
2021/8/16, 16, 9, 22, 2, 
2021/8/17, 12, 11, 22, 1, 
2021/8/18, 14, 11, 24, 1, 
2021/8/19, 16, 11, 23, 2, 
2021/8/20, 18, 9, 25, 3, 
2021/8/21, 24, 10, 23, 4, 
2021/8/22, 25, 9, 21, 8, 
2021/8/23, 16, , , , 
2021/8/26, 6, 5, 11, 1, 
2021/8/27, 9, 3, , , 
2021/8/28, 7, 13, , , 
2021/8/29, 33, 13, 19, 5, 
2021/8/30, 31, 20, 23, 5, 
2021/8/31, 36, 20, 21, 5, 
2021/9/1, 29, 22, 25, 5, 
2021/9/2, 33, 34, 24, 3, 
2021/9/3, 4, 8, 24, 2, 
2021/9/4, 1, 5, 23, 2, 
2021/9/5, 6, 10, 27, 4, 
2021/9/6, 17, 22, 28, 6, 
2021/9/7, 17, 23, 31, 4, 
2021/9/8, 1, 29, 37, 7, 
2021/9/9, 1, 31, 33, 6, 
2021/9/27, 39, 31, 24, 3, 
2021/9/28, 53, 13, 20, 4, 
2021/9/29, 30, 7, 24, 2, 
2021/9/30, 15, 12, 21, 3, 
2021/4/1, 47, 8, 25, 4, 
2021/4/2, 26, 4, 30, 3, 
2021/4/3, 13, 12, 30, 3, 
2021/4/4, 25, 10, 29, 1, 
2021/4/5, 17, 11, 23, 3, 
2021/4/6, 24, 9, 25, 4, 
2021/4/7, 21, 9, 27, 3, 
2021/4/8, 22, 17, 28, 4, 
2021/4/9, 52, 12, 28, 3, 
2021/4/10, 26, 14, 25, 5, 
2021/4/11, 43, 6, 30, 3, 
2021/4/12, 21, 8, 29, 3, 
2021/4/13, 19, 7, 28, 5, 
2021/4/14, 23, 12, 24, 10, 
2021/4/15, 25, 10, 24, 7, 
2021/4/16, 24, 11, 27, 5, 
2021/4/17, 29, 14, 31, 6, 
2021/4/18, 38, 17, 31, 6, 
2021/4/19, 40, 16, 26, 10, 
2021/4/20, 41, 26, 30, 6, 
2021/4/21, 40, 14, 29, 2, 
2021/4/22, 14, 8, 29, 2, 
2021/4/23, 21, 7, 27, 2, 
2021/4/24, 17, 5, 27, 1, 
2021/4/25, 13, 6, 26, 3, 
2021/4/26, 13, 9, 30, 5, 
2021/4/27, 20, 13, 31, 5, 
2021/4/28, 39, 20, 36, 3, 
2021/4/29, 53, 10, 31, 3, 
2021/4/30, 32, 12, 31, 4, 
2021/5/1, 38, 7, 31, 2, 
2021/5/2, 25, 17, 27, 6, 
2021/5/3, 46, 12, 27, 4, 
2021/5/4, 45, 5, 28, 2, 
2021/5/5, 22, 5, 25, 2, 
2021/5/6, 8, 4, 25, 2, 
2021/5/7, 14, 9, 29, 2, 
2021/5/8, 24, 11, 27, 2, 
2021/5/9, 37, 17, 33, 6, 
2021/5/12, 46, 16, 21, 5, 
2021/5/13, 49, 14, 27, 6, 
2021/5/14, 40, 13, 27, 2, 
2021/5/15, 39, 12, 28, 3, 
2021/5/16, 36, 10, 31, 3, 
2021/5/17, 34, 13, 29, 5, 
2021/5/18, 37, 9, 30, 3, 
2021/5/19, 20, 9, 30, 2, 
2021/5/20, 18, 11, 27, 4, 
2021/5/21, 31, 9, 27, 2, 
2021/5/22, 23, 8, 28, 1, 
2021/5/23, 16, 10, 31, 3, 
2021/5/24, 21, 10, 25, 4, 
2021/5/25, 30, 8, 28, 2, 
2021/5/26, 23, 8, 25, 4, 
2021/5/27, 22, 7, 24, 4, 
2021/5/28, 21, 13, 26, 3, 
2021/5/29, 36, 12, 27, 5, 
2021/5/30, 38, 17, 30, 7, 
2021/5/31, 40, 14, 25, 3, 
2021/6/1, 31, 16, 32, 2, 
2021/6/2, 36, 14, 35, 2, 
2021/6/3, 30, 17, 31, 3, 
2021/6/4, 43, 15, 34, 3, 
2021/6/5, 36, 15, 36, 4, 
2021/6/6, 38, 15, 29, 8, 
2021/6/7, 31, 11, 23, 5, 
2021/6/8, 24, 13, 36, 5, 
2021/6/9, 25, 17, 42, 4, 
2021/6/10, 37, 19, 30, 5, 
2021/6/11, 46, 19, 24, 1, 
2021/6/12, 26, 13, 22, 1, 
2021/6/13, 30, 14, 36, 2, 
2021/6/14, 38, 10, 24, 2, 
2021/6/15, 25, 14, 28, 3, 
2021/6/16, 33, 21, 43, 3, 
2021/6/17, 50, 24, 46, 3, 
2021/6/18, 66, 25, 45, 3, 
2021/6/19, 64, 17, 39, 2, 
2021/6/20, 48, 10, 27, 2, 
2021/6/21, 18, 15, 26, 2, 
2021/6/22, 33, 12, 20, 3, 
2021/6/23, 28, 15, 25, 3, 
2021/6/24, 42, 13, 28, 2, 
2021/6/25, 29, 13, 25, 3, 
2021/6/26, 35, 11, 28, 2, 
2021/6/27, 48, 14, 31, 2, 
2021/6/28, 44, 15, 30, 6, 
2021/6/29, 35, 14, 22, 4, 
2021/6/30, 41, 8, 13, 3, 
2021/1/4, 17, 3, 11, 4, 
2021/1/5, 18, 2, 12, 2, 
2021/1/6, 21, 1, 7, 4, 
2021/1/7, 17, 5, 6, 5, 
2021/1/8, 28, 5, 11, 4, 
2021/1/9, 30, 9, 16, 2, 
2021/1/10, 39, 7, 21, 3, 
2021/1/11, 38, 6, 23, 4, 
2021/1/12, 25, 5, 23, 3, 
2021/1/13, 13, 5, 14, 3, 
2021/1/14, 25, 7, 17, 4, 
2021/1/15, 21, 4, 18, 4, 
2021/1/16, 23, 6, 16, 5, 
2021/1/17, 27, 10, 17, 7, 
2021/1/18, 45, 8, 18, 5, 
2021/1/19, 38, 7, 17, 5, 
2021/1/20, 43, 7, 22, 4, 
2021/1/21, 29, 3, 21, 2, 
2021/1/22, 38, , , , 
2021/1/24, 69, 9, 15, 5, 
2021/1/25, 51, 5, 23, 5, 
2021/1/26, 38, 13, 18, 5, 
2021/1/27, 51, 7, 21, 3, 
2021/1/28, 38, 2, 17, 5, 
2021/1/29, 23, , , , 
2021/2/1, 37, 15, 19, 6, 
2021/2/2, 60, 12, 17, 4, 
2021/2/3, 55, 5, 15, 8, 
2021/2/4, 39, 9, 18, 6, 
2021/2/5, 33, 7, 24, 3, 
2021/2/6, 25, 4, 26, 2, 
2021/2/7, 17, 8, 26, 3, 
2021/2/8, 20, 12, 25, 4, 
2021/2/9, 23, 11, 24, 4, 
2021/2/10, 17, 6, 22, 6, 
2021/2/11, 14, 8, 22, 7, 
2021/2/12, 17, 5, 23, 6, 
2021/2/13, 18, 15, 20, 6, 
2021/2/14, 51, 14, 24, 9, 
2021/2/15, 48, 10, 23, 6, 
2021/2/16, 47, 16, 16, 7, 
2021/2/17, 63, 25, 21, 4, 
2021/2/18, 101, 18, 19, 6, 
2021/2/19, 57, 16, 17, 8, 
2021/2/20, 45, 22, 12, 11, 
2021/2/21, 60, 28, 10, 14, 
2021/2/22, 79, 29, 10, 12, 
2021/2/23, 73, 28, 19, 9, 
2021/2/24, 65, 32, 20, 8, 
2021/2/25, 60, 16, 25, 3, 
2021/2/26, 25, 10, 21, 6, 
2021/2/27, 22, 13, 22, 4, 
2021/2/28, 32, 12, 14, 10, 
2021/3/1, 35, 7, 22, 4, 
2021/3/2, 35, 7, 18, 7, 
2021/3/3, 39, 10, 22, 6, 
2021/3/4, 36, 7, 23, 6, 
2021/3/5, 14, 8, 27, 4, 
2021/3/6, 23, 8, 27, 2, 
2021/3/7, 22, 8, 22, 8, 
2021/3/8, 20, 6, 23, 7, 
2021/3/9, 22, 13, 26, 11, 
2021/3/10, 51, 11, 24, 4, 
2021/3/11, 48, 12, 26, 3, 
2021/3/12, 28, 7, 25, 4, 
2021/3/13, 23, 6, 25, 3, 
2021/3/14, 20, 8, 24, 4, 
2021/3/15, 21, 5, 21, 5, 
2021/3/16, 21, 10, 22, 8, 
2021/3/17, 34, 8, 24, 7, 
2021/3/18, 20, 7, 22, 4, 
2021/3/19, 23, 5, 23, 3, 
2021/3/20, 31, 6, 27, 3, 
2021/3/21, 18, 9, 26, 6, 
2021/3/22, 23, 10, 25, 4, 
2021/3/23, 35, 25, 23, 5, 
2021/3/24, 75, 27, 26, 5, 
2021/3/25, 73, 28, 26, 7, 
2021/3/26, 76, 25, 28, 6, 
2021/3/27, 90, 13, 25, 4, 
2021/3/28, 35, 17, 25, 4, 
2021/3/29, 44, 22, 22, 5, 
2021/3/30, 54, 21, 32, 6, 
2021/3/31, 61, 17, 27, 7, 
2020/10/1, 54, 53, 22, 3, 
2020/10/2, 66, 25, 21, 2, 
2020/10/3, 60, 12, 17, 4, 
2020/10/4, 57, 9, 20, 6, 
2020/10/5, 19, 11, 17, 4, 
2020/10/6, 22, 8, 21, 4, 
2020/10/7, 14, 10, 20, 3, 
2020/10/8, 18, 8, 21, 3, 
2020/10/9, 18, 4, 22, 2, 
2020/10/10, 13, 3, 22, 3, 
2020/10/11, 12, 6, 14, 9, 
2020/10/12, 15, 8, 18, 8, 
2020/10/13, 10, 4, 17, 3, 
2020/10/14, 5, 4, 17, 3, 
2020/10/15, 9, 7, 14, 6, 
2020/10/16, 44, 3, 20, 3, 
2020/10/17, 136, 3, 21, 2, 
2020/10/18, 180, 4, 19, 5, 
2020/10/19, 158, 12, 13, 9, 
2020/10/20, 83, 18, 15, 6, 
2020/10/21, 55, 9, 21, 3, 
2020/10/22, 46, 10, 19, 3, 
2020/10/23, 43, 14, 19, 4, 
2020/10/24, 57, 4, 16, 3, 
2020/10/25, 45, 3, 15, 6, 
2020/10/26, 47, 6, 15, 4, 
2020/10/27, 53, 8, 17, 3, 
2020/10/28, 41, 7, 17, 5, 
2020/10/29, 42, 7, 16, 6, 
2020/10/30, 41, 4, 13, 5, 
2020/10/31, 51, 8, 15, 3, 
2020/11/1, 56, 5, 21, 3, 
2020/11/2, 48, 8, 22, 2, 
2020/11/3, 42, 6, 22, 2, 
2020/11/4, 27, 5, 19, 2, 
2020/11/5, 28, 6, 21, 3, 
2020/11/6, 36, 4, 16, 4, 
2020/11/7, 45, 10, 16, 5, 
2020/11/8, 57, 5, 19, 3, 
2020/11/9, 48, 23, 16, 3, 
2020/11/10, 73, 33, 12, 5, 
2020/11/11, 85, 32, 11, 5, 
2020/11/12, 74, 24, 15, 8, 
2020/11/13, 54, 25, 13, 7, 
2020/11/14, 62, 18, 13, 5, 
2020/11/15, 61, 11, 19, 4, 
2020/11/16, 38, 9, 20, 3, 
2020/11/17, 27, 11, 18, 2, 
2020/11/18, 29, 11, 25, 1, 
2020/11/19, 21, 9, 23, 3, 
2020/11/20, 18, 9, 23, 3, 
2020/11/21, 27, 11, 22, 1, 
2020/11/22, 11, 11, 20, 2, 
2020/11/23, 18, 16, 17, 4, 
2020/11/24, 46, 18, 10, 6, 
2020/11/25, 61, 19, 17, 6, 
2020/11/26, 61, 11, 15, 9, 
2020/11/27, 31, 6, 11, 3, 
2020/11/28, 16, 3, 12, 3, 
2020/11/29, 20, 6, 15, 3, 
2020/11/30, 30, 18, 11, 8, 
2020/12/1, 64, 28, 8, 7, 
2020/12/2, 86, 34, 9, 6, 
2020/12/3, 106, 23, 10, 6, 
2020/12/4, 80, 23, 11, 5, 
2020/12/5, 77, 21, 13, 4, 
2020/12/6, 67, 18, 13, 3, 
2020/12/7, 65, 26, 8, 6, 
2020/12/8, 84, 27, 9, 4, 
2020/12/9, 87, 24, 12, 4, 
2020/12/10, 80, 21, 11, 4, 
2020/12/11, 72, 20, 12, 4, 
2020/12/12, 65, 14, 11, 3, 
2020/12/13, 47, 15, 8, 5, 
2020/12/14, 55, 13, 6, 7, 
2020/12/15, 52, 12, 16, 7, 
2020/12/16, 42, 14, 14, 5, 
2020/12/17, 58, 15, 15, 5, 
2020/12/18, 45, 14, 10, 7, 
2020/12/19, 53, 12, 6, 7, 
2020/12/20, 49, 15, 13, 6, 
2020/12/21, 55, 9, 21, 4, 
2020/12/22, 36, 11, 20, 6, 
2020/12/23, 31, 7, 13, 5, 
2020/12/24, 26, 2, 20, 4, 
2020/12/25, 12, 8, 20, 3, 
2020/12/26, 23, 8, 20, 1, 
2020/12/27, 27, 9, 19, 3, 
2020/12/28, 38, 15, 12, 5, 
2020/12/29, 61, 10, 15, 4, 
2020/12/30, 42, 12, 18, 2, 
2020/12/31, 40, , , , 
2020/7/1, 20, 10, 25, 2, 
2020/7/2, 19, 7, 23, 2, 
2020/7/3, 14, 10, 23, 2, 
2020/7/4, 15, 8, 21, 2, 
2020/7/5, 11, 12, 21, , 
2020/7/6, 15, 13, 21, 1, 
2020/7/7, 15, 7, 21, 1, 
2020/7/8, 10, 9, 22, 2, 
2020/7/9, 12, 10, 21, 5, 
2020/7/10, 19, 9, 21, 1, 
2020/7/11, 13, 8, 20, 1, 
2020/7/12, 16, 9, 22, 2, 
2020/7/13, 16, 9, 33, 4, 
2020/7/14, 33, 5, 26, 3, 
2020/7/15, 29, 3, 22, 3, 
2020/7/16, 14, 3, 24, 3, 
2020/7/17, 16, 7, 32, 6, 
2020/7/18, 26, 11, 36, 3, 
2020/7/19, 34, 12, 24, 2, 
2020/7/20, 28, 8, 23, 1, 
2020/7/21, 14, 10, 23, 1, 
2020/7/22, 14, 9, 25, 1, 
2020/7/23, 17, 12, 27, 2, 
2020/7/24, 26, 7, 28, 2, 
2020/7/25, 18, 9, 24, 2, 
2020/7/26, 25, 10, 25, 1, 
2020/7/27, 15, 17, 24, 2, 
2020/7/28, 22, 14, 21, 1, 
2020/7/29, 13, 9, 21, 1, 
2020/7/30, 15, 9, 21, 3, 
2020/7/31, 19, 14, 22, 5, 
2020/8/1, 27, 11, 21, 3, 
2020/8/2, 18, 11, 22, 3, 
2020/8/3, 16, 9, 23, 3, 
2020/8/4, 11, 16, 38, 3, 
2020/8/5, 24, 22, 44, 6, 
2020/8/6, 42, 21, 39, 4, 
2020/8/7, 33, 23, 35, 6, 
2020/8/8, 36, 24, 31, 9, 
2020/8/9, 43, 28, 35, 6, 
2020/8/10, 48, 17, 25, 2, 
2020/8/11, 19, 19, 23, 3, 
2020/8/12, 37, 17, 27, 3, 
2020/8/13, 20, 19, 33, 6, 
2020/8/14, 27, 28, 44, 7, 
2020/8/15, 46, 31, 47, 5, 
2020/8/16, 49, 27, 37, 6, 
2020/8/17, 40, 28, 42, 4, 
2020/8/18, 6, 21, 34, 5, 
2020/8/19, 7, 21, 29, 5, 
2020/8/20, 6, 23, 30, 7, 
2020/8/21, 3, 25, 29, 3, 
2020/8/22, 5, 20, 25, 2, 
2020/8/23, 9, 15, 23, 2, 
2020/8/24, 13, 11, 25, 3, 
2020/8/25, 13, 11, 23, 3, 
2020/8/26, 16, 11, 19, 4, 
2020/8/27, 10, 9, 21, 4, 
2020/8/28, 13, 11, 28, 3, 
2020/8/29, 15, 9, 26, 4, 
2020/8/30, 18, 6, 20, 4, 
2020/8/31, 10, 19, 17, 5, 
2020/9/1, 11, 9, 17, 4, 
2020/9/2, 9, 7, 30, 4, 
2020/9/3, 6, 5, 24, 2, 
2020/9/4, 9, 12, 24, 1, 
2020/9/5, 5, 14, 20, 1, 
2020/9/6, 6, 13, 23, 1, 
2020/9/7, 5, 15, 20, 2, 
2020/9/8, 8, 19, 16, 2, 
2020/9/9, 34, 11, 20, 2, 
2020/9/10, 43, 9, 29, 5, 
2020/9/11, 49, 17, 28, 3, 
2020/9/12, 55, 16, 21, 2, 
2020/9/13, 62, 15, 25, 3, 
2020/9/14, 22, 27, 37, 10, 
2020/9/15, 23, 29, 24, 7, 
2020/9/16, 42, 7, 20, 3, 
2020/9/17, 8, 9, 22, 6, 
2020/9/18, 15, 12, 19, 5, 
2020/9/19, 28, 12, 16, 6, 
2020/9/20, 44, 14, 26, 4, 
2020/9/21, 70, 29, 36, 9, 
2020/9/22, 67, 41, 41, 10, 
2020/9/23, 96, 29, 40, 7, 
2020/9/24, 71, 10, 21, 7, 
2020/9/25, 43, 5, 23, 2, 
2020/9/26, 24, 28, 25, 2, 
2020/9/27, 66, 17, 18, 5, 
2020/9/28, 47, 9, 24, 7, 
2020/9/29, 47, 16, 26, 6, 
2020/9/30, 61, 26, 19, 5, 
2020/4/1, 18, 13, 36, 2, 
2020/4/2, 27, 15, 33, 2, 
2020/4/3, 26, 11, 32, 3, 
2020/4/4, 29, 17, 36, 4, 
2020/4/5, 45, 24, 41, 5, 
2020/4/6, 59, 22, 31, 8, 
2020/4/7, 51, 17, 29, 9, 
2020/4/8, 29, 16, 30, 5, 
2020/4/9, 36, 14, 36, 4, 
2020/4/10, 33, 12, 35, 4, 
2020/4/11, 35, 15, 36, 4, 
2020/4/12, 45, 11, 34, 2, 
2020/4/13, 17, 7, 35, 3, 
2020/4/14, 12, 23, 35, 3, 
2020/4/15, 47, 15, 35, 3, 
2020/4/16, 33, 11, 32, 6, 
2020/4/17, 23, 7, 34, 4, 
2020/4/18, 20, 6, 33, 4, 
2020/4/19, 20, 16, 31, 8, 
2020/4/20, 33, 10, 33, 5, 
2020/4/21, 17, 10, 35, 9, 
2020/4/22, 21, 13, 40, 10, 
2020/4/23, 30, 18, 37, 7, 
2020/4/24, 48, 7, 36, 4, 
2020/4/25, 16, 9, 38, 3, 
2020/4/26, 23, 13, 37, 4, 
2020/4/27, 35, 11, 37, 4, 
2020/4/28, 36, 7, 34, 3, 
2020/4/29, 20, 8, 32, 3, 
2020/4/30, 31, 7, 37, 5, 
2020/5/1, 33, 9, 34, 4, 
2020/5/2, 34, 10, 36, 3, 
2020/5/3, 35, 9, 35, 3, 
2020/5/4, 18, 6, 33, 2, 
2020/5/5, 13, 12, 38, 3, 
2020/5/6, 22, 16, 35, 4, 
2020/5/7, 36, 16, 45, 3, 
2020/5/8, 45, 14, 44, 3, 
2020/5/9, 43, 22, 42, 5, 
2020/5/10, 61, 7, 30, 2, 
2020/5/11, 14, 10, 35, 2, 
2020/5/12, 15, 5, 31, 2, 
2020/5/13, 10, 8, 35, 3, 
2020/5/14, 11, 10, 34, 2, 
2020/5/15, 17, 11, 34, 1, 
2020/5/16, 21, 10, 33, 1, 
2020/5/17, 20, 7, 28, 3, 
2020/5/18, 22, 10, 27, 2, 
2020/5/19, 28, , , , 
2020/5/27, 39, 12, 29, 4, 
2020/5/28, 28, 12, 31, 6, 
2020/5/29, 21, 11, 33, 4, 
2020/5/30, 24, 12, 28, 3, 
2020/5/31, 17, 15, 22, 7, 
2020/6/1, 23, 10, 21, 6, 
2020/6/2, 24, 11, 24, 3, 
2020/6/3, 28, 16, 23, 2, 
2020/6/4, 28, 10, 25, 2, 
2020/6/5, 27, 8, 23, 1, 
2020/6/6, 25, 8, 25, 3, 
2020/6/7, 23, 9, 25, 3, 
2020/6/8, 23, 13, 23, 6, 
2020/6/9, 31, 13, 24, 4, 
2020/6/10, 25, 12, 20, 3, 
2020/6/11, 30, 12, 20, 2, 
2020/6/12, 32, 15, 18, 1, 
2020/6/13, 40, 12, 22, 1, 
2020/6/14, 21, 10, 24, 5, 
2020/6/15, 21, , 25, 8, 
2020/6/16, 39, 15, 17, 6, 
2020/6/17, 57, 7, 25, 4, 
2020/6/22, 23, 12, 21, 2, 
2020/6/23, 25, 22, 26, 4, 
2020/6/24, 41, 21, 30, 5, 
2020/6/25, 33, 20, 40, 2, 
2020/6/26, 41, 12, 41, 2, 
2020/6/27, 35, 13, 33, 3, 
2020/6/28, 33, 12, 33, 2, 
2020/6/29, 18, 13, 26, 1, 
2020/6/30, 19, 12, 29, 1, 
2020/1/1, 59, 25, 22, 4, 
2020/1/2, 75, 16, 26, 4, 
2020/1/3, 45, 16, 33, 1, 
2020/1/4, 24, 14, 22, 4, 
2020/1/5, 29, 14, 24, 2, 
2020/1/6, 34, 17, 19, 3, 
2020/1/7, 56, , , , 
2020/1/8, 56, 16, , , 
2020/1/9, 28, 13, 18, 9, 
2020/1/10, 28, 10, 25, 3, 
2020/1/11, 25, 12, 22, 3, 
2020/1/12, 33, 16, 23, 4, 
2020/1/13, 32, 15, 23, 4, 
2020/1/14, 36, 11, 26, 4, 
2020/1/15, 31, 21, 30, 4, 
2020/1/16, 38, 21, 15, 9, 
2020/1/17, 39, 16, 27, 3, 
2020/1/18, 5, 17, 25, 5, 
2020/1/19, 8, 11, 24, 4, 
2020/1/20, 20, 4, 27, 3, 
2020/1/21, 35, 7, 32, 3, 
2020/1/22, 25, 7, 24, 4, 
2020/1/23, 19, 10, 19, 5, 
2020/1/24, 25, 8, 24, 5, 
2020/1/25, 25, 18, 14, 8, 
2020/1/26, 57, 22, 11, 7, 
2020/1/27, 64, 13, 23, 7, 
2020/1/28, 39, 10, 27, 4, 
2020/1/29, 22, 11, 28, 4, 
2020/1/30, 25, 13, 29, 4, 
2020/1/31, 29, 13, 28, 3, 
2020/2/1, 27, 15, 30, 2, 
2020/2/2, 25, 14, 26, 6, 
2020/2/3, 26, 12, 30, 4, 
2020/2/4, 27, 11, 28, 6, 
2020/2/5, 27, 16, 28, 5, 
2020/2/6, 19, 11, 25, 5, 
2020/2/7, 30, 19, 25, 4, 
2020/2/8, 52, 27, 32, 4, 
2020/2/9, 64, 16, 34, 1, 
2020/2/10, 19, 10, 33, 1, 
2020/2/11, 15, 11, 32, 2, 
2020/2/12, 21, 14, 30, 5, 
2020/2/13, 29, 18, 18, 10, 
2020/2/14, 45, 19, 22, 4, 
2020/2/15, 54, 11, 33, 2, 
2020/2/16, 24, 17, 36, 1, 
2020/2/17, 33, 14, 31, 2, 
2020/2/18, 28, 9, 27, 4, 
2020/2/19, 25, 14, 25, 4, 
2020/2/20, 34, 17, 30, 2, 
2020/2/21, 30, 12, 34, 2, 
2020/2/22, 27, 16, 33, 1, 
2020/2/23, 32, 12, 30, 4, 
2020/2/24, 24, 9, 30, 2, 
2020/2/25, 18, 7, 26, 4, 
2020/2/26, 11, 9, 26, 5, 
2020/2/27, 21, 13, 29, 4, 
2020/2/28, 25, 14, 25, 4, 
2020/2/29, 36, 14, 32, 2, 
2020/3/1, 24, 9, 28, 7, 
2020/3/2, 29, 14, 9, 11, 
2020/3/3, 47, , 28, 6, 
2020/3/4, 40, , 28, 4, 
2020/3/5, 35, , 28, 4, 
2020/3/6, 69, , 22, 5, 
2020/3/7, 50, , 23, 4, 
2020/3/8, 58, , 27, 7, 
2020/3/9, 48, , 23, 5, 
2020/3/10, 36, 15, 32, 2, 
2020/3/11, 29, 12, 32, 2, 
2020/3/12, 27, 10, 31, 3, 
2020/3/13, 21, 6, 30, 3, 
2020/3/14, 14, 9, 29, 3, 
2020/3/15, 37, 9, 27, 4, 
2020/3/16, 33, 11, 30, 3, 
2020/3/17, 32, 12, 24, 4, 
2020/3/18, 45, 11, 28, 5, 
2020/3/19, 26, 10, 27, 4, 
2020/3/20, 22, 4, 30, 2, 
2020/3/21, 17, 5, 30, 2, 
2020/3/22, 20, 7, 30, 5, 
2020/3/23, 17, 14, 32, 4, 
2020/3/24, 39, 22, 37, 5, 
2020/3/25, 60, 24, 39, 7, 
2020/3/26, 65, 28, 35, 8, 
2020/3/27, 71, 30, 34, 7, 
2020/3/28, 77, 7, 32, 2, 
2020/3/29, 18, 8, 29, 4, 
2020/3/30, 17, 8, 34, 6, 
2020/3/31, 22, 8, 35, 3, 
2019/10/2, 12, 5, 21, 2, 
2019/10/3, 12, 4, 12, 2, 
2019/10/4, 10, 5, 15, 2, 
2019/10/5, 12, 6, 20, 1, 
2019/10/6, 12, 6, 19, 2, 
2019/10/7, 17, 10, 19, 7, 
2019/10/8, 30, 12, 22, 8, 
2019/10/9, 27, 9, 18, 3, 
2019/10/10, 21, 11, 22, 2, 
2019/10/11, 21, 9, 18, 3, 
2019/10/12, 21, 10, 23, 2, 
2019/10/13, 23, 10, 19, 3, 
2019/10/14, 23, 8, 24, 3, 
2019/10/15, 20, 14, 20, 3, 
2019/10/16, 37, 14, 14, 8, 
2019/10/17, 37, 11, 13, 5, 
2019/10/18, 32, 10, 19, 6, 
2019/10/19, 25, 12, 21, 4, 
2019/10/20, 35, 15, 12, 4, 
2019/10/21, 47, 14, 8, 7, 
2019/10/22, 48, 13, 22, 5, 
2019/10/23, 40, 20, 27, 4, 
2019/10/24, 64, 21, 12, 6, 
2019/10/25, 58, 11, 18, 4, 
2019/10/26, 28, 7, 19, 3, 
2019/10/27, 21, 6, 26, 1, 
2019/10/28, 11, 6, 26, 4, 
2019/10/29, 12, 7, 20, 7, 
2019/10/30, 17, 8, 23, 9, 
2019/10/31, 19, 11, 23, 5, 
2019/11/1, 36, 13, 22, 6, 
2019/11/2, 48, 9, 8, 6, 
2019/11/3, 32, 4, 10, 6, 
2019/11/4, 17, 3, 18, 3, 
2019/11/5, 12, 6, 16, 5, 
2019/11/6, 16, 9, 14, 8, 
2019/11/7, 25, 13, 7, 8, 
2019/11/8, 46, 15, 11, 9, 
2019/11/9, 52, 6, 12, 6, 
2019/11/10, 19, 12, 15, 4, 
2019/11/11, 39, 16, 14, 5, 
2019/11/12, 53, 12, 12, 6, 
2019/11/13, 45, 6, 10, 8, 
2019/11/14, 49, 3, 8, 9, 
2019/11/15, 41, 14, 22, 3, 
2019/11/16, 55, 12, 10, 3, 
2019/11/17, 50, 15, 19, 4, 
2019/11/18, 61, 5, 12, 3, 
2019/11/19, 48, 11, 20, 5, 
2019/11/20, 21, , 18, 4, 
2019/11/22, 43, 28, 1, 8, 
2019/11/23, 59, 22, 7, 3, 
2019/11/24, 31, 24, 12, 2, 
2019/11/25, 51, 32, 10, 3, 
2019/11/26, 70, 19, 5, 7, 
2019/11/27, 28, 9, 5, 7, 
2019/11/28, 14, 10, 14, 5, 
2019/11/30, 8, 15, 21, 5, 
2019/12/1, 3, 14, 22, 4, 
2019/12/3, 1, 18, 20, 6, 
2019/12/4, 13, 27, 22, 4, 
2019/12/5, 36, 19, 17, 6, 
2019/12/6, 27, 15, 12, 5, 
2019/12/8, 2, 17, 30, 1, 
2019/12/9, 4, 16, 28, 2, 
2019/12/10, 3, 17, 25, 6, 
2019/12/11, 2, 16, 22, 5, 
2019/12/12, 13, 24, 12, 7, 
2019/12/13, 22, 24, 13, 6, 
2019/12/14, 35, 17, 28, 4, 
2019/12/16, 29, 16, 25, 4, 
2019/12/17, 49, 15, 9, 9, 
2019/12/18, 29, 22, 24, 5, 
2019/12/19, 61, 35, 13, 8, 
2019/12/20, 91, 20, 10, 8, 
2019/12/21, 58, 14, 15, 7, 
2019/12/22, 40, 13, 22, 4, 
2019/12/23, 39, 13, 19, 5, 
2019/12/24, 30, 14, 22, 3, 
2019/12/25, 37, 8, 18, 4, 
2019/12/26, 17, 6, 19, 3, 
2019/12/27, 10, 9, 16, 3, 
2019/12/28, 24, 14, 17, 6, 
2019/12/29, 41, , 16, 4, 
2019/4/1, 17, 17, 38, 3, 
2019/4/2, 27, 46, 37, 6, 
2019/4/3, 61, 44, 40, 5, 
2019/4/4, 78, 46, 46, 5, 
2019/4/5, 88, 45, 44, 4, 
2019/4/6, 94, 43, 36, 8, 
2019/4/7, 97, 27, 38, 6, 
2019/4/8, 70, 12, 28, 5, 
2019/4/9, 36, 9, 28, 6, 
2019/4/10, 26, 9, 30, 4, 
2019/4/11, 23, 9, 34, 5, 
2019/4/12, 27, 9, 35, 3, 
2019/4/13, 24, 9, 38, 2, 
2019/4/14, 24, 9, 40, 5, 
2019/4/15, 25, 9, 39, 7, 
2019/4/16, 30, 9, 41, 5, 
2019/4/17, 35, 15, 45, 5, 
2019/4/18, 39, 13, 43, 5, 
2019/4/19, 40, 15, 42, 12, 
2019/4/20, 42, 17, 51, 13, 
2019/4/21, 53, 17, 44, 3, 
2019/4/22, 49, 36, 49, 3, 
2019/4/23, 56, 54, 45, 3, 
2019/4/24, 66, 35, 36, 6, 
2019/4/25, 65, 39, 45, 7, 
2019/4/26, 77, 27, 35, 3, 
2019/4/27, 63, 10, 34, 7, 
2019/4/28, 30, 14, 36, 5, 
2019/4/29, 38, 18, 36, 12, 
2019/4/30, 44, 23, 41, 4, 
2019/5/1, 64, 15, 40, 2, 
2019/5/2, 26, 10, 34, 3, 
2019/5/3, 20, 6, 33, 3, 
2019/5/4, 15, 7, 36, 3, 
2019/5/5, 22, 10, 36, 2, 
2019/5/6, 20, 10, 35, 2, 
2019/5/7, 19, 10, 40, 1, 
2019/5/8, 27, 11, 36, 3, 
2019/5/9, 37, 11, 32, 7, 
2019/5/10, 36, 12, 35, 4, 
2019/5/11, 30, 11, 29, 3, 
2019/5/12, 21, 9, 30, 5, 
2019/5/13, 18, 9, 28, 6, 
2019/5/14, 19, 9, 33, 7, 
2019/5/15, 23, 15, 39, 5, 
2019/5/16, 20, 12, 34, 3, 
2019/5/17, 21, 11, 36, 2, 
2019/5/18, 34, 11, 35, 1, 
2019/5/19, 40, 12, 29, 8, 
2019/5/20, 43, 20, 22, 9, 
2019/5/21, 59, 21, 33, 5, 
2019/5/22, 56, 12, 42, 3, 
2019/5/23, 30, 15, 38, 5, 
2019/5/24, 44, 10, 34, 2, 
2019/5/25, 28, 9, 30, 2, 
2019/5/26, 25, 8, 29, 2, 
2019/5/27, 24, 13, 36, 3, 
2019/5/28, 24, 11, 31, 2, 
2019/5/29, 18, 11, 33, 3, 
2019/5/30, 26, 13, 30, 4, 
2019/5/31, 35, 14, 27, 3, 
2019/6/1, 38, 11, 32, 3, 
2019/6/2, 26, 13, 43, 5, 
2019/6/3, 33, 14, 28, 7, 
2019/6/4, 34, 18, 54, 4, 
2019/6/5, 49, 21, 47, 3, 
2019/6/6, 55, 13, 35, 4, 
2019/6/7, 34, 11, 33, 3, 
2019/6/8, 31, 13, 37, 2, 
2019/6/9, 28, 13, 34, 6, 
2019/6/10, 32, 10, 42, 3, 
2019/6/11, 30, 11, 33, 2, 
2019/6/12, 36, 15, 39, 3, 
2019/6/13, 49, 8, 45, 4, 
2019/6/14, 29, 8, 43, 2, 
2019/6/15, 24, 8, 34, 3, 
2019/6/16, 28, 7, 31, 4, 
2019/6/17, 27, 8, 38, 4, 
2019/6/18, 28, 14, 50, 2, 
2019/6/19, 43, 9, 44, 3, 
2019/6/20, 42, 6, 36, 2, 
2019/6/21, 26, 6, 30, 1, 
2019/6/22, 16, 5, 32, 3, 
2019/6/23, 17, 5, 35, 3, 
2019/6/24, 16, 9, 53, 3, 
2019/6/25, 29, 16, 54, 5, 
2019/6/26, 50, 13, 31, 2, 
2019/6/27, 35, 9, 34, 4, 
2019/6/28, 38, 11, 28, 4, 
2019/6/29, 57, 12, 67, 4, 
2019/6/30, 60, 10, 30, 1, 
2019/7/1, 54, 9, 27, 1, 
2019/7/2, 48, 9, 28, 1, 
2019/7/3, 48, 7, 26, 1, 
2019/7/4, 45, 6, 26, 3, 
2019/7/5, 31, 6, 26, 2, 
2019/7/6, 30, 8, 26, 2, 
2019/7/7, 42, , , , 
2019/1/1, 43, 6, 31, 1, 
2019/1/2, 20, 6, 32, 7, 
2019/1/3, 19, 9, 25, 5, 
2019/1/4, 34, 8, 20, 5, 
2019/1/5, 29, 6, 28, 4, 
2019/1/6, 41, 9, 24, 5, 
2019/1/7, 50, 7, 26, 4, 
2019/1/8, 34, 3, 27, 2, 
2019/1/9, 15, 4, 26, 6, 
2019/1/10, 14, 9, 25, 5, 
2019/1/11, 25, 15, 27, 5, 
2019/1/12, 35, 6, 31, 2, 
2019/1/13, 19, 7, 31, 1, 
2019/1/14, 19, 9, 31, 4, 
2019/1/15, 20, 12, 30, 3, 
2019/1/16, 28, 7, 27, 3, 
2019/1/17, 27, 5, 25, 8, 
2019/1/18, 24, 9, , 5, 
2019/1/19, 39, 21, , 7, 
2019/1/20, 67, 23, 13, 7, 
2019/1/21, 72, 14, 19, 7, 
2019/1/22, 56, 26, 20, 8, 
2019/1/23, 79, 24, 24, 5, 
2019/1/24, 74, 26, 21, 7, 
2019/1/25, 88, 27, 17, 6, 
2019/1/26, 83, 13, 12, 5, 
2019/1/27, 54, 10, 15, 6, 
2019/1/28, 44, 11, 23, 6, 
2019/1/29, 41, 14, 26, 8, 
2019/1/30, 51, 19, 23, 5, 
2019/1/31, 62, 29, 20, 6, 
2019/2/1, 88, 31, 19, 4, 
2019/2/2, 98, 11, 21, 2, 
2019/2/3, 41, 11, 21, 7, 
2019/2/4, 39, 13, 27, 3, 
2019/2/5, 48, 15, 25, 6, 
2019/2/6, 47, 16, 13, 9, 
2019/2/7, 62, 14, 26, 5, 
2019/2/8, 46, 10, 30, 3, 
2019/2/9, 29, 14, 27, 4, 
2019/2/10, 59, 9, 29, 3, 
2019/2/11, 27, 8, 32, 4, 
2019/2/12, 22, 15, 23, 5, 
2019/2/13, 42, 23, 20, 5, 
2019/2/14, 62, 24, 21, 6, 
2019/2/15, 66, 24, 17, 11, 
2019/2/16, 70, 35, 20, 7, 
2019/2/17, 91, 38, 14, 12, 
2019/2/18, 92, 32, 30, 7, 
2019/2/19, 84, 14, 32, 5, 
2019/2/20, 44, 18, 24, 8, 
2019/2/21, 55, 9, 31, 3, 
2019/2/22, 26, 10, 29, 4, 
2019/2/23, 31, 19, 16, 8, 
2019/2/24, 65, 20, 22, 7, 
2019/2/25, 67, 30, 14, 9, 
2019/2/26, 91, 43, 18, 12, 
2019/2/27, 110, 40, 23, 9, 
2019/2/28, 104, 17, 23, 14, 
2019/3/1, 55, 17, 26, 3, 
2019/3/2, 61, 19, 31, 3, 
2019/3/3, 68, 12, 33, 3, 
2019/3/4, 52, 6, 31, 5, 
2019/3/5, 18, 14, 27, 5, 
2019/3/6, 46, 13, 29, 4, 
2019/3/7, 46, 10, 34, 2, 
2019/3/8, 25, 12, 37, 2, 
2019/3/9, 25, 11, 35, 2, 
2019/3/10, 20, 7, 32, 5, 
2019/3/11, 16, 8, 33, 3, 
2019/3/12, 18, 10, 33, 3, 
2019/3/13, 25, 9, 30, 3, 
2019/3/14, 21, 7, 31, 4, 
2019/3/15, 19, 9, 34, 2, 
2019/3/16, 18, 10, 38, 2, 
2019/3/17, 25, 11, 35, 2, 
2019/3/18, 18, 7, 33, 4, 
2019/3/19, 13, 14, 29, 6, 
2019/3/20, 33, 19, 22, 4, 
2019/3/21, 55, 16, 25, 5, 
2019/3/22, 47, 23, 34, 3, 
2019/3/23, 62, 19, 33, 2, 
2019/3/24, 38, 10, 32, 4, 
2019/3/25, 23, 9, 35, 3, 
2019/3/26, 16, 9, 32, 5, 
2019/3/27, 17, 9, 26, 7, 
2019/3/28, 22, 14, 30, 4, 
2019/3/29, 36, 27, 34, 4, 
2019/3/30, 74, 19, 35, 2, 
2019/3/31, 51, 9, 32, 8, 
2018/10/4, 23, 18, 17, 5, 
2018/10/5, 57, 22, 18, 5, 
2018/10/6, 59, 10, 28, 2, 
2018/10/7, 28, 10, 28, 2, 
2018/10/8, 19, 7, 25, 2, 
2018/10/9, 42, 15, 21, 4, 
2018/10/10, 74, 29, 19, 8, 
2018/10/11, 84, 34, 37, 4, 
2018/10/12, 79, 33, 26, 8, 
2018/10/13, 80, 32, 33, 7, 
2018/10/14, 82, 33, 36, 5, 
2018/10/15, 72, 29, 26, 8, 
2018/10/16, 76, 34, 17, 13, 
2018/10/17, 102, 45, 21, 16, 
2018/10/18, 95, 39, 27, 8, 
2018/10/19, 44, 15, 27, 7, 
2018/10/20, 35, 12, 28, 3, 
2018/10/21, 43, 14, 20, 4, 
2018/10/22, 56, 20, 28, 2, 
2018/10/23, 33, 10, 31, 1, 
2018/10/24, 21, 6, 31, 3, 
2018/10/25, 23, 9, 30, 1, 
2018/10/26, 28, 10, 27, 4, 
2018/10/27, 21, 6, 29, 2, 
2018/10/28, 22, 2, 20, 2, 
2018/10/29, 23, 4, 20, 3, 
2018/10/30, 43, 12, 14, 5, 
2018/10/31, 41, 12, 16, 5, 
2018/11/1, 52, 15, 11, 7, 
2018/11/2, 66, 21, 26, 7, 
2018/11/3, 35, 12, 26, 4, 
2018/11/4, 36, 11, 24, 5, 
2018/11/5, 62, 21, 11, 5, 
2018/11/6, 89, 33, 9, 9, 
2018/11/7, 87, 33, 12, 11, 
2018/11/8, 74, 26, 1, 11, 
2018/11/9, 62, 20, 20, 8, 
2018/11/10, 75, 26, 13, 4, 
2018/11/11, 84, 31, 11, 4, 
2018/11/12, 41, 13, 10, 7, 
2018/11/13, 47, 13, 21, 5, 
2018/11/14, 39, 15, 22, 4, 
2018/11/15, 54, 24, 13, 8, 
2018/11/16, 52, 20, 19, 7, 
2018/11/17, 57, 18, 16, 5, 
2018/11/18, 53, 15, 21, 3, 
2018/11/19, 25, 6, 21, 4, 
2018/11/20, 20, 5, 23, 4, 
2018/11/21, 25, 4, 27, 3, 
2018/11/22, 26, 5, 23, 3, 
2018/11/23, 48, 13, 20, 6, 
2018/11/24, 53, 13, 12, 5, 
2018/11/25, 32, 6, 17, 3, 
2018/11/26, 26, 7, 14, 12, 
2018/11/27, 27, 10, 21, 14, 
2018/11/28, 22, 8, 26, 9, 
2018/11/29, 57, 17, 21, 6, 
2018/11/30, 65, 22, 15, 8, 
2018/12/1, 70, 25, 15, 8, 
2018/12/2, 53, 18, 10, 6, 
2018/12/3, 30, 9, 19, 5, 
2018/12/4, 31, 13, 29, 2, 
2018/12/5, 24, 12, 27, 5, 
2018/12/6, 41, 12, 17, 8, 
2018/12/7, 26, 9, 19, 6, 
2018/12/8, 23, 9, 30, 2, 
2018/12/9, 26, 10, 25, 3, 
2018/12/10, 19, 8, 20, 2, 
2018/12/11, 17, 6, 12, 3, 
2018/12/12, 22, 6, 16, 6, 
2018/12/13, 18, 6, 12, 8, 
2018/12/14, 27, 5, 14, 8, 
2018/12/15, 21, 4, 16, 3, 
2018/12/16, 37, 7, 16, 4, 
2018/12/17, 59, 17, 14, 10, 
2018/12/18, 69, 21, 12, 7, 
2018/12/19, 75, 24, 12, 7, 
2018/12/20, 90, 29, 6, 8, 
2018/12/21, 79, 25, 9, 7, 
2018/12/22, 63, 9, 3, 10, 
2018/12/23, 75, 10, 7, 7, 
2018/12/24, 80, 6, , , 
2018/12/27, 34, 11, 24, 4, 
2018/12/28, 23, 7, 26, 3, 
2018/12/29, 29, 9, 22, 4, 
2018/12/30, 35, 8, 25, 3, 
2018/7/1, 18, 10, 24, 2, 
2018/7/2, 13, 7, 33, 5, 
2018/7/3, 21, 13, 35, 4, 
2018/7/4, 32, 8, 26, 3, 
2018/7/5, 18, 10, 30, 3, 
2018/7/6, 24, 15, 28, 3, 
2018/7/7, 31, 15, 32, 3, 
2018/7/8, 48, 13, 25, 1, 
2018/7/9, 39, 15, 24, 4, 
2018/7/10, 30, 9, 30, 2, 
2018/7/11, 29, 10, 33, 5, 
2018/7/12, 29, 13, 32, 10, 
2018/7/13, 38, 9, 23, 2, 
2018/7/14, 29, 8, 30, 4, 
2018/7/15, 27, 12, 38, 5, 
2018/7/16, 43, 13, 28, 8, 
2018/7/17, 48, 11, 32, 6, 
2018/7/18, 47, 10, 31, 4, 
2018/7/19, 34, 8, 31, 3, 
2018/7/20, 22, 8, 36, 3, 
2018/7/21, 23, 13, 41, 6, 
2018/7/22, 39, 12, 25, 4, 
2018/7/23, 31, 10, 32, 4, 
2018/7/24, 22, 10, 37, 8, 
2018/7/25, 22, 13, 32, 6, 
2018/7/26, 27, 14, 37, 2, 
2018/7/27, 33, 18, 38, 2, 
2018/7/28, 50, 14, 38, 3, 
2018/7/29, 41, 16, 44, 4, 
2018/7/30, 38, 17, 41, 3, 
2018/7/31, 32, 16, 28, 5, 
2018/8/1, 39, 10, 40, 4, 
2018/8/2, 31, 14, 48, 6, 
2018/8/3, 36, 12, 30, 4, 
2018/8/4, 26, 9, 24, 1, 
2018/8/5, 15, 8, 29, 2, 
2018/8/6, 16, 10, 45, 4, 
2018/8/7, 23, 18, 65, 4, 
2018/8/8, 38, 21, 40, 3, 
2018/8/9, 47, 12, 38, 2, 
2018/8/10, 25, 9, 28, 3, 
2018/8/11, 22, 8, 23, 1, 
2018/8/12, 19, 8, 29, 3, 
2018/8/13, 21, 10, 33, 3, 
2018/8/14, 33, 10, 28, 2, 
2018/8/15, 25, 14, 38, 4, 
2018/8/16, 34, 14, 26, 6, 
2018/8/17, 36, 17, 29, 3, 
2018/8/18, 35, 14, 24, 2, 
2018/8/19, 26, 13, 22, 2, 
2018/8/20, 28, 9, 24, 4, 
2018/8/21, 20, 11, 30, 3, 
2018/8/22, 23, 16, 42, 5, 
2018/8/23, 33, 17, 24, 3, 
2018/8/24, 48, 9, 22, 2, 
2018/8/25, 25, 7, 25, 1, 
2018/8/26, 18, 8, 21, 4, 
2018/8/27, 23, 10, 22, 3, 
2018/8/28, 25, 9, 24, 5, 
2018/8/29, 26, 12, 29, 7, 
2018/8/30, 37, 12, 24, 4, 
2018/8/31, 42, 6, 22, 3, 
2018/9/1, 27, 9, 22, 3, 
2018/9/2, 26, 9, 27, 3, 
2018/9/3, 29, 10, 23, 6, 
2018/9/4, 31, 14, 15, 4, 
2018/9/5, 43, 14, , , 
2018/9/6, 44, 17, 32, 4, 
2018/9/7, 47, 11, 23, 2, 
2018/9/8, 32, 12, 32, 4, 
2018/9/9, 37, 15, 27, 4, 
2018/9/10, 43, 12, 21, 3, 
2018/9/11, 29, 12, 21, 2, 
2018/9/12, 30, 12, 23, 2, 
2018/9/13, 26, 11, 25, 2, 
2018/9/14, 24, 11, 20, 2, 
2018/9/15, 33, 8, 22, 2, 
2018/9/16, 26, 15, 27, 4, 
2018/9/17, 42, 20, 44, 7, 
2018/9/18, 50, 21, 134, 3, 
2018/9/19, 50, 17, 138, 3, 
2018/9/20, 47, 19, 34, 3, 
2018/9/21, 45, 13, 33, 1, 
2018/9/22, 30, 11, 33, 1, 
2018/9/23, 26, 8, 24, 2, 
2018/9/24, 14, 7, 28, 3, 
2018/9/25, 11, 12, 27, 2, 
2018/9/26, 23, 8, 21, 2, 
2018/9/27, 24, 10, 25, 2, 
2018/9/28, 29, 8, 25, 2, 
2018/9/29, 23, 10, 26, 3, 
2018/9/30, 26, , 25, 4, 
2018/6/27, 77, 13, 32, 3, 
2018/6/28, 37, 12, 37, 8, 
2018/6/29, 29, 13, 30, 4, 
2018/6/30, 22, 11, 28, 2, 
2016/10/10, 7, 6, 22, 4, 
2016/10/11, 5, 5, 18, 4, 
2016/10/12, 6, 6, 21, 4, 
2016/10/13, 13, 8, 24, 3, 
2016/10/14, 27, 11, 23, 2, 
2016/10/15, 46, 9, 12, 3, 
2016/10/16, 39, 16, 8, 4, 
2016/10/17, 73, , , , 
2016/10/19, 82, 6, 19, 8, 
2016/10/20, 20, 7, 14, 6, 
2016/10/21, 29, 5, 13, 4, 
2016/10/22, 24, 5, 13, 5, 
2016/10/23, 31, 10, 13, 8, 
2016/10/24, 46, 7, 9, 8, 
2016/10/25, 30, 11, 19, 10, 
2016/10/26, 38, 20, 18, 7, 
2016/10/27, 76, 11, 31, 3, 
2016/10/28, 33, 10, 32, 1, 
2016/10/29, 17, 5, 29, 4, 
2016/10/30, 4, 8, 16, 11, 
2016/10/31, 27, 7, 28, 3, 
2016/11/1, 25, 4, 23, 3, 
2016/11/2, 2, 4, 16, 6, 
2016/11/3, 9, 10, 16, 11, 
2016/11/4, 47, 15, 17, 8, 
2016/11/5, 134, 5, 22, 4, 
2016/11/6, 43, 4, 21, 4, 
2016/11/7, 2, 6, 17, 8, 
2016/11/8, 5, 4, 15, 9, 
2016/11/9, 4, 5, 15, 10, 
2016/11/10, 8, 5, 15, 10, 
2016/11/11, 7, 8, 13, 12, 
2016/11/12, 27, 8, 22, 10, 
2016/11/13, 27, 15, 18, 6, 
2016/11/14, 57, 7, 22, 7, 
2016/11/15, 19, 14, 21, 7, 
2016/11/16, 25, 11, 19, 6, 
2016/11/17, 17, 6, 25, 5, 
2016/11/18, 57, 8, 22, 4, 
2016/11/19, 18, 8, 20, 4, 
2016/11/20, 21, 8, 18, 9, 
2016/11/21, 26, 20, 7, 15, 
2016/11/22, 84, 17, 6, 20, 
2016/11/23, 61, 9, 20, 8, 
2016/11/24, 10, 10, 18, 9, 
2016/11/25, 18, 8, 31, 3, 
2016/11/26, 13, 9, 24, 4, 
2016/11/27, 9, 7, 24, 6, 
2016/11/28, 1, 9, 22, 7, 
2016/11/29, 6, 10, 26, 5, 
2016/11/30, 8, 8, 27, 4, 
2016/12/1, 9, 7, 26, 6, 
2016/12/2, 4, 9, 20, 8, 
2016/12/3, 15, 8, 19, 7, 
2016/12/4, 13, 7, 23, 5, 
2016/12/5, 12, 8, 17, 17, 
2016/12/6, 10, 13, 14, 12, 
2016/12/7, 44, 27, 15, 8, 
2016/12/8, 101, 14, 19, 6, 
2016/12/9, 29, 14, 20, 5, 
2016/12/10, 21, 13, 22, 4, 
2016/12/11, 49, , , , 
2016/7/4, 17, 9, 33, 5, 
2016/7/5, 17, 8, 29, 2, 
2016/7/6, 19, 10, 28, 2, 
2016/7/7, 18, 15, 40, 3, 
2016/7/8, 31, 7, 30, 2, 
2016/7/9, 17, 11, 22, 3, 
2016/7/10, 33, 11, 28, 2, 
2016/7/11, 24, 9, 27, 1, 
2016/7/12, 18, 9, 28, 3, 
2016/7/13, 21, 8, 25, 2, 
2016/7/14, 12, 10, 27, 3, 
2016/7/15, 23, 11, 27, 2, 
2016/7/16, 43, 10, 26, 2, 
2016/7/17, 33, 7, 22, 3, 
2016/7/18, 38, 8, 27, 3, 
2016/7/19, 36, 8, 24, 5, 
2016/7/20, 46, 9, 29, 3, 
2016/7/21, 53, 9, 31, 6, 
2016/7/22, 50, 10, 35, 5, 
2016/7/23, 60, 11, 34, 4, 
2016/7/24, 57, 13, 34, 3, 
2016/7/25, 58, 15, 27, 3, 
2016/7/26, 60, 12, 31, 5, 
2016/7/27, 43, 12, 30, 4, 
2016/7/28, 50, 12, 34, 5, 
2016/7/29, 44, 9, 27, 3, 
2016/7/30, 45, 7, 25, 2, 
2016/7/31, 29, 7, 25, 2, 
2016/8/1, 29, 8, 28, 2, 
2016/8/2, 25, 9, 29, 6, 
2016/8/3, 33, 16, 27, 3, 
2016/8/4, 50, 13, 28, 3, 
2016/8/5, 44, 11, 26, 2, 
2016/8/6, 28, 9, 29, 2, 
2016/8/7, 34, 13, 26, 2, 
2016/8/8, 47, 15, 23, 1, 
2016/8/9, 25, 9, 21, 2, 
2016/8/10, 21, 9, 24, 3, 
2016/8/11, 28, 11, 20, 4, 
2016/8/12, 43, 14, 25, 2, 
2016/8/13, 47, 7, 20, 2, 
2016/8/14, 29, 11, 21, 4, 
2016/8/15, 57, 10, 19, 5, 
2016/8/16, 38, 10, 24, 5, 
2016/8/17, 35, 7, 14, 4, 
2016/8/18, 35, 6, 24, 5, 
2016/8/19, 26, 16, 37, 5, 
2016/8/20, 52, 13, 33, 4, 
2016/8/21, 61, 12, 27, 4, 
2016/8/22, 46, 8, 24, 5, 
2016/8/23, 29, 11, 24, 6, 
2016/8/24, 46, 13, 38, 6, 
2016/8/25, 55, 21, 61, 6, 
2016/8/26, 74, 10, 30, 3, 
2016/8/27, 35, 11, 30, 3, 
2016/8/28, 30, 11, 29, 3, 
2016/8/29, 35, 12, 26, 4, 
2016/8/30, 36, 14, 34, 4, 
2016/8/31, 44, 16, 27, 5, 
2016/9/1, 56, 13, 29, 3, 
2016/9/2, 35, 13, 25, 3, 
2016/9/3, 45, 6, 24, 3, 
2016/9/4, 15, 8, 19, 5, 
2016/9/5, 25, 9, 26, 6, 
2016/9/6, 43, 15, 36, 6, 
2016/9/7, 65, 24, 42, 8, 
2016/9/8, 143, 27, 35, 9, 
2016/9/9, 91, 20, 35, 7, 
2016/9/10, 65, 15, 30, 3, 
2016/9/11, 58, 9, 25, 5, 
2016/9/12, 45, , , , 
2016/9/19, 24, 14, 23, 6, 
2016/9/20, 36, 14, 23, 8, 
2016/9/21, 36, 16, 24, 10, 
2016/9/22, 30, , , , 
2016/4/1, 23, 15, 28, 9, 
2016/4/2, 44, 23, 26, 8, 
2016/4/3, 64, 34, 27, 10, 
2016/4/4, 82, 39, 20, 15, 
2016/4/5, 99, 14, 29, 5, 
2016/4/6, 17, 12, 30, 4, 
2016/4/7, 19, 10, 33, 4, 
2016/4/8, 27, 11, 33, 6, 
2016/4/9, 28, 8, 32, 5, 
2016/4/10, 21, 8, 33, 5, 
2016/4/11, 19, 11, 34, 6, 
2016/4/12, 20, 12, 32, 10, 
2016/4/13, 34, 11, 30, 8, 
2016/4/14, 28, 14, 30, 8, 
2016/4/15, 41, 22, 25, 6, 
2016/4/16, 61, , , , 
2016/4/18, 26, 14, 34, 2, 
2016/4/19, 25, 13, 32, 5, 
2016/4/20, 26, 15, 34, 4, 
2016/4/21, 27, 11, 32, 5, 
2016/4/22, 19, 7, 33, 4, 
2016/4/23, 18, 6, 29, 4, 
2016/4/24, 12, 5, 32, 4, 
2016/4/25, 13, 9, 35, 5, 
2016/4/26, 22, 6, 35, 6, 
2016/4/27, 19, 5, 35, 6, 
2016/4/28, 17, 11, 39, 5, 
2016/4/29, 23, 20, 37, 6, 
2016/4/30, 47, 18, 31, 8, 
2016/5/1, 45, 15, 42, 10, 
2016/5/2, 27, 14, 40, 6, 
2016/5/3, 24, 11, 35, 6, 
2016/5/4, 13, 10, 32, 9, 
2016/5/5, 14, 12, 41, 5, 
2016/5/6, 20, 12, 45, 3, 
2016/5/7, 16, 13, 44, 3, 
2016/5/8, 24, 16, 42, 5, 
2016/5/9, 24, 21, 47, 6, 
2016/5/10, 25, 20, 41, 5, 
2016/5/11, 24, 10, 34, 3, 
2016/5/12, 18, 14, 39, 8, 
2016/5/13, 27, 8, 32, 4, 
2016/5/14, 21, 4, 28, 3, 
2016/5/15, 12, 7, 29, 3, 
2016/5/16, 18, 9, 36, 4, 
2016/5/17, 20, 8, 39, 4, 
2016/5/18, 25, 19, 39, 6, 
2016/5/19, 51, 31, 34, 8, 
2016/5/20, 81, 19, 30, 5, 
2016/5/21, 63, 17, 46, 4, 
2016/5/22, 54, 21, 39, 11, 
2016/5/23, 57, 23, 45, 9, 
2016/5/24, 57, 17, 34, 6, 
2016/5/25, 39, 7, 26, 4, 
2016/5/26, 13, 10, 26, 8, 
2016/5/27, 17, 9, 34, 6, 
2016/5/28, 23, 14, 40, 3, 
2016/5/29, 39, 16, 31, 3, 
2016/5/30, 41, 17, 32, 4, 
2016/5/31, 39, 20, 40, 4, 
2016/6/1, 8, 16, 40, 3, 
2016/6/2, 19, 19, 35, 6, 
2016/6/3, 28, 19, 36, 9, 
2016/6/4, 38, 10, 33, 2, 
2016/6/5, 22, 8, 36, 2, 
2016/6/6, 9, 9, 38, 4, 
2016/6/7, 12, 17, 29, 5, 
2016/6/8, 32, 10, 35, 3, 
2016/6/9, 14, 15, 33, 4, 
2016/6/10, 28, 8, 25, 3, 
2016/6/11, 13, 6, 29, 3, 
2016/6/12, 11, 10, 34, 3, 
2016/6/13, 18, 14, 33, 3, 
2016/6/14, 27, 16, 39, 5, 
2016/6/15, 35, , , , 
2016/6/21, 9, 12, 38, 7, 
2016/6/22, 14, 13, 46, 5, 
2016/6/23, 24, 10, 39, 3, 
2016/6/24, 41, 12, 49, 4, 
2016/6/25, 40, 10, 38, 2, 
2016/6/26, 23, 12, 36, 3, 
2016/6/27, 23, 13, 30, 2, 
2016/6/28, 21, 10, 36, 5, 
2016/6/29, 24, 10, 31, 4, 
2016/6/30, 23, , , , 
2016/1/4, 19, 6, 24, 7, 
2016/1/5, 20, , 19, 3, 
2016/1/6, 13, 14, 23, 5, 
2016/1/7, 22, 38, 17, 8, 
2016/1/8, 23, 35, 11, 7, 
2016/1/9, 21, 35, 19, 5, 
2016/1/10, 16, 17, 12, 8, 
2016/1/11, 7, 8, 14, 10, 
2016/1/12, 25, 18, 25, 5, 
2016/1/13, 9, 10, 23, 5, 
2016/1/14, 12, 17, 21, 10, 
2016/1/15, 11, 26, 25, 15, 
2016/1/16, 12, 16, 18, 8, 
2016/1/17, 20, 17, 23, 7, 
2016/1/18, 20, 21, 23, 7, 
2016/1/19, 18, 22, 22, 10, 
2016/1/20, 13, 20, 19, 16, 
2016/1/21, 18, 26, 17, 13, 
2016/1/22, 9, 34, 19, 10, 
2016/1/23, 11, 19, 17, 8, 
2016/1/24, 8, 10, 6, 11, 
2016/1/25, 12, 17, 21, 7, 
2016/1/26, 16, 11, 23, 5, 
2016/1/27, 11, 13, 28, 3, 
2016/1/28, 24, 15, 29, 6, 
2016/1/29, 13, 14, 31, 3, 
2016/1/30, 12, 11, 31, 2, 
2016/1/31, 18, 14, 32, 5, 
2016/2/1, 23, 24, 32, 2, 
2016/2/2, 14, 14, 29, 3, 
2016/2/3, 30, 12, 26, 5, 
2016/2/4, 19, 10, 24, 8, 
2016/2/5, 17, 16, 13, 7, 
2016/2/6, 2, 13, 24, 6, 
2016/2/7, 14, 8, 30, 5, 
2016/2/8, 17, 12, 28, 6, 
2016/2/9, 25, 10, 25, 5, 
2016/2/10, 22, 15, 20, 10, 
2016/2/11, 14, 10, 21, 9, 
2016/2/12, 23, 17, 24, 10, 
2016/2/13, 17, 20, 19, 5, 
2016/2/14, 19, 10, 18, 7, 
2016/2/15, 20, 10, 17, 13, 
2016/2/16, 20, 8, 23, 7, 
2016/2/17, 11, 27, 17, 8, 
2016/2/18, 42, 37, 9, 13, 
2016/2/19, 99, 24, 27, 6, 
2016/2/22, 27, 12, 31, 3, 
2016/2/23, 21, 8, 29, 4, 
2016/2/24, 22, 9, 29, 4, 
2016/2/25, 19, 13, 23, 6, 
2016/2/26, 31, 14, 23, 6, 
2016/2/27, 45, 13, 27, 4, 
2016/2/28, 49, 15, 21, 11, 
2016/2/29, 45, 22, 30, 10, 
2016/3/1, 35, 17, 33, 7, 
2016/3/2, 60, 12, 27, 10, 
2016/3/3, 31, 17, 26, 7, 
2016/3/4, 57, 25, 28, 3, 
2016/3/5, 71, 17, 20, 4, 
2016/3/6, 55, 13, 26, 7, 
2016/3/7, 39, 18, 21, 8, 
2016/3/8, 49, 25, 21, 10, 
2016/3/9, 64, 23, 27, 6, 
2016/3/10, 62, 19, 21, 7, 
2016/3/11, 52, 14, 20, 6, 
2016/3/12, 47, 18, 17, 6, 
2016/3/13, 59, 27, 22, 9, 
2016/3/14, 69, 11, 26, 7, 
2016/3/15, 26, 13, 19, 11, 
2016/3/16, 32, 19, 17, 12, 
2016/3/17, 56, 13, 21, 9, 
2016/3/18, 44, 17, 23, 8, 
2016/3/19, 51, 16, 22, 8, 
2016/3/20, 45, 14, 30, 8, 
2016/3/21, 36, 14, 27, 6, 
2016/3/22, 35, 13, 21, 8, 
2016/3/23, 35, 11, 26, 8, 
2016/3/24, 35, 32, 23, 7, 
2016/3/25, 92, 14, 27, 4, 
2016/3/26, 34, 19, 29, 4, 
2016/3/27, 54, 14, 31, 4, 
2016/3/28, 45, 11, 25, 5, 
2016/3/29, 34, 12, 29, 7, 
2016/3/30, 37, 12, 31, 5, 
2016/3/31, 35, 11, 27, 7, 
2015/12/2, 52, 9, 15, 11, 
2015/12/3, 71, 21, 12, 9, 
2015/12/4, 57, 14, 28, 6, 
2015/12/7, 67, 23, 24, 10, 
2015/12/8, 78, 21, 12, 11, 
2015/12/9, 83, 19, 13, 10, 
2015/12/10, 68, 19, 16, 6, 
2015/12/11, 61, 14, 28, 6, 
2015/12/12, 29, 14, 27, 3, 
2015/12/13, 27, 24, 25, 4, 
2015/12/14, 15, 14, 25, 15, 
2015/12/15, 15, 8, 24, 11, 
2015/12/16, 55, 19, 17, 9, 
2015/12/17, 53, 19, 13, 10, 
2015/12/18, 64, 30, 10, 9, 
2015/12/20, 48, 15, 11, 5, 
2015/12/21, 36, 16, 24, 5, 
2015/12/22, 33, 17, 29, 3, 
2015/12/23, 22, 10, 29, 2, 
2015/12/30, 23, 17, 20, 4, 
2016/1/3, 9, 7, 26, 1, 
2025/10/23, , 10, 15, 1, 
2024/12/31, , 10, 33, 1, 
2023/10/10, , 12, 22, 2, 
2023/10/25, , 3, 10, 2, 
2023/12/3, , 12, 11, 5, 
2023/5/1, , 6, 39, 3, 
2023/3/19, , 3, 20, 4, 
2022/8/7, , 9, 20, 2, 
2022/8/16, , 26, 45, 6, 
2022/9/11, , 5, 25, 4, 
2022/5/22, , 5, 29, 2, 
2021/8/25, , 4, 11, 1, 
2021/9/10, , 26, 25, 3, 
2021/9/11, , 14, 24, 2, 
2021/9/12, , 14, 23, 3, 
2021/9/13, , 12, 27, 3, 
2021/9/14, , 13, 23, 3, 
2021/9/15, , 9, 21, 2, 
2021/9/16, , 5, 15, 3, 
2021/9/17, , 8, 18, 1, 
2021/9/18, , 8, 19, 1, 
2021/9/19, , 10, 20, 3, 
2021/9/20, , 13, 19, 4, 
2021/9/21, , 19, 22, 2, 
2021/9/22, , 16, 24, 1, 
2021/9/26, , 14, 22, 3, 
2021/5/10, , 8, 20, 5, 
2021/5/11, , 14, 18, 5, 
2021/1/3, , 3, 14, 4, 
2021/1/23, , 21, 12, 9, 
2021/1/31, , 10, 19, 6, 
2020/5/26, , 14, 30, 4, 
2020/6/18, , 15, 29, 3, 
2020/6/19, , 14, 27, 3, 
2020/6/21, , 10, 21, 4, 
2019/12/31, , 26, 28, 2, 
2019/10/1, , 8, 26, 1, 
2019/11/21, , 22, , , 
2019/11/29, , 13, 25, 2, 
2019/12/2, , 14, 22, 6, 
2019/12/7, , 18, 28, 3, 
2019/12/15, , 15, 30, 1, 
2018/12/31, , 18, 31, 1, 
2018/10/2, , 9, 28, 1, 
2018/10/3, , 9, 25, 4, 
2018/12/25, , 7, , , 
2018/12/26, , 10, , , 
2018/10/1, , 8, 29, 2, 
2018/4/1, , 6, 32, 4, 
2018/4/2, , 8, 37, 5, 
2018/4/3, , 11, 32, 6, 
2018/4/4, , 12, 33, 5, 
2018/4/5, , 11, 33, 5, 
2018/4/6, , 10, 30, 5, 
2018/4/7, , 17, 37, 5, 
2018/4/8, , 23, 34, 6, 
2018/4/9, , 26, 27, 14, 
2018/4/10, , 22, 39, 5, 
2018/4/11, , 14, 35, 2, 
2018/4/12, , 20, 40, 3, 
2018/4/13, , 24, 43, 4, 
2018/4/14, , 25, 35, 5, 
2018/4/15, , 20, 23, 5, 
2018/4/16, , 22, 20, 11, 
2018/4/17, , 20, 29, 9, 
2018/4/18, , 22, 33, 8, 
2018/4/19, , 22, 33, 11, 
2018/4/20, , 25, 51, 9, 
2018/4/21, , 21, 38, 6, 
2018/4/22, , 9, 37, 5, 
2018/4/23, , 12, 33, 5, 
2018/4/24, , 12, 31, 4, 
2018/4/25, , 10, 33, 5, 
2018/4/26, , 5, 32, 4, 
2018/4/27, , 12, 33, 5, 
2018/4/28, , 17, 32, 7, 
2018/4/29, , 19, 29, 11, 
2018/4/30, , 28, 40, 5, 
2018/5/1, , 9, 30, 5, 
2018/5/2, , 10, 36, 5, 
2018/5/3, , 12, 36, 6, 
2018/5/4, , 11, 33, 7, 
2018/5/5, , 12, 36, 10, 
2018/5/6, , 13, 41, 12, 
2018/5/7, , 14, 38, 12, 
2018/5/8, , 14, 33, 9, 
2018/5/9, , 18, 39, 5, 
2018/5/10, , 15, 47, 4, 
2018/5/11, , 14, 33, 8, 
2018/5/12, , 15, 41, 9, 
2018/5/13, , 16, 49, 4, 
2018/5/14, , 19, 40, 7, 
2018/5/15, , 26, 32, 14, 
2018/5/21, , 12, 35, 4, 
2018/5/22, , 15, 37, 5, 
2018/5/23, , 17, 36, 11, 
2018/5/24, , 18, 40, 6, 
2018/5/25, , 15, 38, 4, 
2018/5/26, , 15, 42, 4, 
2018/5/27, , 15, 42, 2, 
2018/5/28, , 18, 45, 4, 
2018/5/29, , 24, 52, 4, 
2018/5/30, , 24, 52, 4, 
2018/5/31, , 19, 46, 3, 
2018/6/1, , 18, 33, 4, 
2018/6/5, , 17, 32, 4, 
2018/6/6, , 14, 32, 2, 
2018/6/7, , 12, 37, 4, 
2018/6/8, , 20, 56, 4, 
2018/6/9, , 20, 54, 5, 
2018/6/10, , 18, 44, 6, 
2018/6/11, , 15, 39, 2, 
2018/6/12, , 15, 32, 3, 
2018/6/13, , 18, 34, 4, 
2018/6/14, , 16, 42, 4, 
2018/6/15, , 19, 33, 3, 
2018/6/16, , 18, 37, 6, 
2018/6/17, , 14, 39, 3, 
2018/6/18, , 16, 36, 3, 
2018/6/19, , 17, 37, 2, 
2018/6/20, , 17, 33, 3, 
2018/6/21, , 14, 31, 3, 
2018/6/22, , 11, 29, 2, 
2018/6/23, , 14, 31, 3, 
2018/6/24, , 12, 35, 2, 
2018/6/25, , 16, 25, 7, 
2018/6/26, , 17, 31, 5, 
2018/1/1, , 10, 26, 4, 
2018/1/2, , 11, 23, 5, 
2018/1/3, , 8, 19, 7, 
2018/1/4, , 7, 13, 10, 
2018/1/5, , 3, 22, 4, 
2018/1/6, , 4, 23, 6, 
2018/1/7, , 4, 21, 12, 
2018/1/8, , 11, 26, 4, 
2018/1/9, , 8, 21, 6, 
2018/1/10, , 20, 19, 6, 
2018/1/11, , 17, 24, 3, 
2018/1/12, , 10, 28, 2, 
2018/1/13, , 9, 25, 2, 
2018/1/14, , 14, 17, 5, 
2018/1/15, , 18, 26, 5, 
2018/1/16, , 10, 30, 4, 
2018/1/17, , 3, 29, 5, 
2018/1/18, , 11, 24, 8, 
2018/1/19, , 8, 25, 4, 
2018/1/20, , 10, 21, 5, 
2018/1/21, , 8, 21, 6, 
2018/1/22, , 12, 21, 7, 
2018/1/23, , 27, 18, 5, 
2018/1/24, , 11, 35, 3, 
2018/1/25, , 8, 17, 11, 
2018/1/26, , 20, 20, 6, 
2018/1/27, , 18, 29, 3, 
2018/1/28, , 19, 26, 1, 
2018/1/29, , 14, 31, 3, 
2018/1/30, , 13, 26, 5, 
2018/1/31, , 15, 30, 3, 
2018/2/1, , 11, 20, 6, 
2018/2/2, , 11, 18, 3, 
2018/2/3, , 6, 24, 3, 
2018/2/4, , 5, 25, 8, 
2018/2/5, , 10, 29, 7, 
2018/2/6, , 10, 29, 8, 
2018/2/7, , 16, 25, 7, 
2018/2/8, , 17, 27, 10, 
2018/2/9, , 12, 23, 7, 
2018/2/10, , 11, 21, 7, 
2018/2/11, , 10, 31, 2, 
2018/2/12, , 9, 30, 5, 
2018/2/13, , 17, 31, 13, 
2018/2/14, , 28, 31, 4, 
2018/2/15, , 17, 26, 5, 
2018/2/16, , 21, 24, 4, 
2018/2/17, , 6, 27, 4, 
2018/2/18, , 10, 22, 6, 
2018/2/19, , 17, 24, 7, 
2018/2/20, , 22, 24, 7, 
2018/2/21, , 13, 24, 6, 
2018/2/22, , 13, 26, 8, 
2018/2/23, , 12, 27, 3, 
2018/2/24, , 8, 29, 3, 
2018/2/25, , 8, 27, 5, 
2018/2/26, , 13, 28, 4, 
2018/2/27, , 17, 28, 4, 
2018/2/28, , 9, 29, 5, 
2018/3/1, , 8, 30, 6, 
2018/3/2, , 8, 34, 4, 
2018/3/3, , 12, 35, 3, 
2018/3/4, , 15, 34, 6, 
2018/3/5, , 35, 37, 13, 
2018/3/6, , 61, 41, 8, 
2018/3/7, , 47, 34, 10, 
2018/3/8, , 24, 28, 6, 
2018/3/9, , 20, 32, 3, 
2018/3/10, , 14, 28, 3, 
2018/3/11, , 14, 18, 11, 
2018/3/12, , 27, 12, 11, 
2018/3/13, , 21, 16, 8, 
2018/3/14, , 9, 29, 5, 
2018/3/15, , 7, 30, 2, 
2018/3/16, , 7, 33, 1, 
2018/3/17, , 8, 32, 2, 
2018/3/18, , 6, 29, 9, 
2018/3/19, , 7, 27, 6, 
2018/3/20, , 10, 29, 9, 
2018/3/21, , 9, 30, 6, 
2018/3/22, , 9, 31, 5, 
2018/3/23, , 7, 27, 5, 
2018/3/24, , 12, 19, 8, 
2018/3/25, , 32, 27, 7, 
2018/3/26, , 21, 32, 4, 
2018/3/27, , 6, 35, 2, 
2018/3/28, , 5, 34, 4, 
2018/3/29, , 11, 34, 3, 
2018/3/30, , 6, 35, 2, 
2018/3/31, , 6, 32, 4, 
2017/10/1, , 27, 19, 4, 
2017/10/2, , 9, 28, 2, 
2017/10/3, , 9, 28, 2, 
2017/10/4, , 8, 27, 3, 
2017/10/5, , 13, 26, 4, 
2017/10/6, , 6, 27, 4, 
2017/10/7, , 5, 30, 2, 
2017/10/8, , 3, 22, 2, 
2017/10/9, , 6, 20, 6, 
2017/10/10, , 6, 21, 4, 
2017/10/11, , 8, 27, 3, 
2017/10/12, , 10, 28, 4, 
2017/10/13, , 16, 14, 4, 
2017/10/14, , 16, 19, 3, 
2017/10/15, , 10, 17, 7, 
2017/10/16, , 27, 26, 6, 
2017/10/17, , 29, 25, 6, 
2017/10/18, , 16, 26, 7, 
2017/10/19, , 10, 20, 4, 
2017/10/20, , 25, 16, 4, 
2017/10/21, , 15, 21, 5, 
2017/10/22, , 12, 15, 7, 
2017/10/23, , 11, 20, 4, 
2017/10/24, , 5, 28, 4, 
2017/10/25, , 8, 24, 4, 
2017/10/26, , 19, 24, 3, 
2017/10/27, , 6, 28, 2, 
2017/10/28, , 12, 29, 2, 
2017/10/29, , 7, 32, 2, 
2017/10/30, , 7, 29, 6, 
2017/10/31, , 7, 23, 4, 
2017/11/1, , 9, 25, 4, 
2017/11/2, , 10, 26, 6, 
2017/11/3, , 9, 17, 7, 
2017/11/4, , 24, 23, 7, 
2017/11/5, , 16, 21, 7, 
2017/11/6, , 10, 18, 11, 
2017/11/7, , 13, 16, 10, 
2017/11/8, , 14, 16, 6, 
2017/11/9, , 25, 30, 4, 
2017/11/10, , 10, 27, 2, 
2017/11/11, , 10, 23, 3, 
2017/11/12, , 8, 20, 7, 
2017/11/13, , 5, 23, 7, 
2017/11/14, , 8, 21, 5, 
2017/11/15, , 12, 16, 9, 
2017/11/16, , 13, 27, 5, 
2017/11/17, , 15, 29, 2, 
2017/11/18, , 9, 28, 1, 
2017/11/19, , 7, 23, 14, 
2017/11/20, , 8, 11, 14, 
2017/11/21, , 10, , , 
2017/11/23, , 11, 24, 7, 
2017/11/24, , 10, 20, 7, 
2017/11/25, , 9, 26, 2, 
2017/11/26, , 7, 26, 3, 
2017/11/27, , 8, 28, 3, 
2017/11/28, , 6, 25, 6, 
2017/11/29, , 6, 8, 16, 
2017/11/30, , 8, 15, 4, 
2017/12/1, , 7, 18, 4, 
2017/12/2, , 6, 24, 4, 
2017/12/3, , 8, 24, 6, 
2017/12/4, , 8, 27, 5, 
2017/12/5, , 7, 29, 2, 
2017/12/6, , 6, 26, 4, 
2017/12/7, , 13, 28, 3, 
2017/12/8, , 10, 28, 2, 
2017/12/9, , 12, 27, 3, 
2017/12/10, , 7, 23, 9, 
2017/12/11, , 11, 20, 6, 
2017/12/12, , 5, 21, 4, 
2017/12/13, , 10, 32, 4, 
2017/12/14, , 6, 29, 5, 
2017/12/15, , 8, 20, 5, 
2017/12/16, , 8, 18, 6, 
2017/12/17, , 6, 17, 7, 
2017/12/18, , 8, 14, 7, 
2017/12/19, , 11, 16, 7, 
2017/12/20, , 7, 23, 7, 
2017/12/21, , 8, 27, 4, 
2017/12/22, , 13, 25, 2, 
2017/12/23, , 9, 28, 1, 
2017/12/24, , 7, 25, 1, 
2017/12/27, , 7, 23, 6, 
2017/12/28, , 10, 26, 2, 
2017/12/29, , 6, 19, 5, 
2017/12/30, , 11, , , 
2017/7/4, , 10, 27, 3, 
2017/7/5, , 14, 26, 4, 
2017/7/6, , 11, 31, 6, 
2017/7/7, , 11, 24, 5, 
2017/7/8, , 14, 28, 2, 
2017/7/9, , 11, 22, 6, 
2017/7/10, , 8, 30, 4, 
2017/7/11, , 12, 26, 3, 
2017/7/12, , 7, 26, 2, 
2017/7/13, , 11, 31, 2, 
2017/7/14, , 13, 34, 6, 
2017/7/15, , 8, 26, 3, 
2017/7/16, , 11, 24, 2, 
2017/7/17, , 8, 17, 3, 
2017/7/18, , 11, 26, 5, 
2017/7/19, , 13, 28, 2, 
2017/7/20, , 12, 22, 3, 
2017/7/21, , 9, 28, 2, 
2017/7/22, , 8, 22, 2, 
2017/7/23, , 8, 23, 3, 
2017/7/24, , 7, 19, 4, 
2017/7/25, , 9, 22, 4, 
2017/7/26, , 8, 24, 6, 
2017/7/27, , 12, 28, 2, 
2017/7/28, , 11, 24, 3, 
2017/7/29, , 12, 26, 4, 
2017/7/30, , 12, 35, 3, 
2017/7/31, , 10, 26, 8, 
2017/8/1, , 13, 36, 4, 
2017/8/2, , 16, 28, 6, 
2017/8/3, , 14, 27, 2, 
2017/8/4, , 14, 28, 1, 
2017/8/5, , 10, 26, 2, 
2017/8/6, , 8, 36, 2, 
2017/8/7, , 9, 41, 4, 
2017/8/8, , 18, 46, 3, 
2017/8/9, , 18, 34, 3, 
2017/8/10, , 13, 22, 9, 
2017/8/11, , 19, 25, 4, 
2017/8/12, , 11, 26, 2, 
2017/8/13, , 11, 32, 3, 
2017/8/14, , 11, 37, 4, 
2017/8/15, , 15, 33, 4, 
2017/8/16, , 12, 33, 7, 
2017/8/17, , 13, 28, 4, 
2017/8/18, , 14, 28, 3, 
2017/8/19, , 13, 28, 1, 
2017/8/20, , 8, 27, 3, 
2017/8/21, , 8, 26, 3, 
2017/8/22, , 8, 23, 5, 
2017/8/23, , 7, 29, 8, 
2017/8/24, , 10, 24, 2, 
2017/8/25, , 12, 26, 4, 
2017/8/26, , 11, 33, 4, 
2017/8/27, , 8, 31, 6, 
2017/8/28, , 17, 39, 5, 
2017/8/29, , 11, 36, 8, 
2017/8/30, , 28, 28, 5, 
2017/8/31, , 16, 24, 4, 
2017/9/1, , 9, 27, 4, 
2017/9/2, , 9, 22, 4, 
2017/9/3, , 7, 19, 3, 
2017/9/4, , 3, 13, 4, 
2017/9/5, , 5, , , 
2017/9/10, , 9, 25, 3, 
2017/9/11, , 8, 26, 3, 
2017/9/12, , 8, 31, 3, 
2017/9/13, , 10, 31, 2, 
2017/9/14, , 7, 28, 2, 
2017/9/15, , 7, 27, 3, 
2017/9/16, , 9, 26, 7, 
2017/9/17, , 11, 28, 11, 
2017/9/18, , 11, 27, 3, 
2017/9/19, , 9, 27, 3, 
2017/9/20, , 6, 14, 6, 
2017/9/21, , 8, 9, 5, 
2017/9/22, , 8, 8, 6, 
2017/9/23, , 11, 28, 3, 
2017/9/24, , 19, 24, 3, 
2017/9/25, , 22, 26, 3, 
2017/9/26, , 24, 28, 4, 
2017/9/27, , 28, 28, 4, 
2017/9/28, , 20, 30, 4, 
2017/9/29, , 21, 30, 3, 
2017/9/30, , 22, 27, 4, 
2016/10/9, , 10, 18, 6, 
2016/10/18, , 21, 22, 8, 
2016/7/3, , 7, 25, 2, 
2016/9/18, , 9, 24, 5, 
2016/4/17, , 15, 33, 3, 
2016/6/20, , 11, 23, 4, 
2016/2/20, , 10, 30, 2, 
2016/2/21, , 13, 31, 4, 
2015/10/1, , 14, 27, 5, 
2015/10/2, , 16, 26, 6, 
2015/10/3, , 20, 19, 6, 
2015/10/4, , 16, 19, 6, 
2015/10/5, , 25, 19, 9, 
2015/10/6, , 12, 25, 3, 
2015/10/7, , 14, 24, 2, 
2015/10/8, , 14, 23, 4, 
2015/10/9, , 13, 22, 5, 
2015/10/10, , 7, 22, 4, 
2015/10/16, , 31, 23, 9, 
2015/10/17, , 43, 14, 5, 
2015/10/18, , 45, 16, 6, 
2015/10/19, , 17, 5, 13, 
2015/10/20, , 10, 16, 10, 
2015/10/21, , 10, 22, 6, 
2015/10/22, , 28, 11, 6, 
2015/10/24, , 30, 23, 6, 
2015/10/25, , 19, 28, 3, 
2015/10/26, , 16, 22, 12, 
2015/10/27, , 17, 20, 12, 
2015/10/28, , 17, 17, 3, 
2015/10/30, , 40, 14, 9, 
2015/10/31, , 49, 19, 7, 
2015/11/1, , 51, 14, 7, 
2015/11/2, , 34, 16, 4, 
2015/11/4, , 35, 9, 12, 
2015/11/5, , 32, 3, 9, 
2015/11/7, , 11, , 6, 
2015/11/18, , 11, 25, 4, 
2015/11/19, , 14, 29, 1, 
2015/11/27, , 18, 15, 9, 
2015/11/28, , 10, 28, 5, 
2015/11/29, , 11, 30, 2, 
2015/11/30, , 11, 31, 2, 
2015/12/24, , 14, 24, 3, 
2015/12/25, , 15, 31, 1, 
2015/12/26, , 7, 29, 4, 
2015/12/27, , 11, 26, 2, 
2015/12/28, , 8, 27, 4, 
2015/12/29, , 7, 27, 1, 
2015/7/1, , 12, 25, 3, 
2015/7/2, , 8, 23, 3, 
2015/7/3, , 8, , , 
2015/7/6, , 13, 35, 3, 
2015/7/7, , 14, 35, 2, 
2015/7/8, , 15, 27, 1, 
2015/7/9, , 10, 26, 1, 
2015/7/10, , 13, , , 
2015/8/3, , 17, 39, 3, 
2015/8/4, , 22, 33, 2, 
2015/8/5, , 19, 34, 5, 
2015/8/6, , 16, 37, 5, 
2015/8/7, , 20, 25, 7, 
2015/8/8, , 18, 32, 4, 
2015/8/9, , 11, 27, 5, 
2015/8/10, , 14, 25, 6, 
2015/8/11, , 14, 25, 4, 
2015/8/12, , 13, 25, 5, 
2015/8/13, , 12, 26, 1, 
2015/8/14, , 14, 34, 2, 
2015/8/15, , 16, 30, 2, 
2015/8/16, , 16, 28, 2, 
2015/8/17, , 19, 28, 2, 
2015/8/18, , 16, 27, 2, 
2015/8/19, , 13, 37, 5, 
2015/8/20, , 23, 38, 4, 
2015/8/21, , 24, 36, 4, 
2015/8/22, , 23, 33, 2, 
2015/8/23, , 22, 35, 4, 
2015/8/24, , 20, 35, 4, 
2015/8/25, , 15, 25, 6, 
2015/8/26, , 13, 35, 6, 
2015/8/27, , 12, 30, 3, 
2015/8/28, , 9, 31, 2, 
2015/8/29, , 14, 27, 6, 
2015/8/30, , 15, 28, 8, 
2015/8/31, , 17, 31, 4, 
2015/9/1, , 14, 32, 2, 
2015/9/2, , 10, 28, 4, 
2015/9/3, , 10, 28, 10, 
2015/9/4, , 12, 29, 2, 
2015/9/5, , 10, 27, 2, 
2015/9/6, , 7, 20, 5, 
2015/9/7, , 8, 23, 4, 
2015/9/8, , 9, 20, 9, 
2015/9/9, , 10, 10, 17, 
2015/9/10, , 12, 30, 5, 
2015/9/11, , 13, 25, 3, 
2015/9/12, , 15, 24, 3, 
2015/9/13, , 30, 31, 3, 
2015/9/14, , 26, 27, 3, 
2015/9/15, , 11, 32, 6, 
2015/9/16, , 9, 24, 5, 
2015/9/17, , 10, 31, 3, 
2015/9/18, , 14, 28, 4, 
2015/9/19, , 14, 27, 3, 
2015/9/20, , 9, 31, 4, 
2015/9/21, , 8, 33, 8, 
2015/9/22, , 18, 29, 7, 
2015/9/23, , 15, 22, 6, 
2015/9/24, , 16, 24, 3, 
2015/9/25, , 9, , , 
2015/9/28, , 12, 23, 8, 
2015/9/29, , 8, 24, 10, 
2015/9/30, , 13, 26, 5, 
2015/4/1, , 10, 30, 4, 
2015/4/2, , 10, 26, 4, 
2015/4/3, , 8, 22, 5, 
2015/4/4, , 5, 24, 8, 
2015/4/5, , 7, 29, 5, 
2015/4/6, , 7, 26, 6, 
2015/4/7, , 14, 25, 7, 
2015/4/8, , 14, 25, 10, 
2015/4/9, , 24, 30, 9, 
2015/4/10, , 25, 35, 8, 
2015/4/11, , 33, 31, 2, 
2015/4/12, , 12, 32, 3, 
2015/4/13, , 13, 29, 4, 
2015/4/14, , 17, 32, 4, 
2015/4/15, , 19, 32, 3, 
2015/4/16, , 13, 30, 5, 
2015/4/17, , 10, 30, 4, 
2015/4/18, , 7, 28, 6, 
2015/4/19, , 9, 32, 9, 
2015/4/20, , 10, 29, 7, 
2015/4/21, , 15, 34, 6, 
2015/4/22, , 23, 26, 5, 
2015/4/23, , 18, 29, 4, 
2015/4/24, , 15, 27, 9, 
2015/4/25, , 35, 27, 5, 
2015/4/26, , 12, 23, 11, 
2015/4/27, , 11, 28, 5, 
2015/4/28, , 8, 28, 4, 
2015/4/29, , 13, 29, 6, 
2015/4/30, , 12, 36, 7, 
2015/5/1, , 19, 31, 4, 
2015/5/2, , 10, 36, 5, 
2015/5/3, , 12, 36, 5, 
2015/5/4, , 16, 39, 6, 
2015/5/5, , 15, 33, 6, 
2015/5/6, , 17, 31, 5, 
2015/5/7, , 9, 35, 4, 
2015/5/8, , 10, 31, 7, 
2015/5/9, , 14, 33, 3, 
2015/5/10, , 8, 33, 6, 
2015/5/11, , 12, 38, 7, 
2015/5/12, , 14, 34, 3, 
2015/5/13, , 11, 31, 4, 
2015/5/14, , 10, 30, 6, 
2015/5/15, , 6, 34, 4, 
2015/5/16, , 15, 34, 2, 
2015/5/17, , 11, 35, 3, 
2015/5/18, , 11, 35, 3, 
2015/5/19, , 9, 34, 5, 
2015/5/20, , 11, 36, 4, 
2015/5/21, , 12, 34, 4, 
2015/5/22, , 15, 34, 3, 
2015/5/23, , 14, 32, 2, 
2015/5/24, , 16, 27, 7, 
2015/5/25, , 14, 29, 4, 
2015/5/26, , 8, 30, 3, 
2015/5/27, , 11, 32, 6, 
2015/5/28, , 14, 33, 3, 
2015/5/29, , 11, 32, 2, 
2015/5/30, , 9, 32, 2, 
2015/5/31, , 10, 30, 3, 
2015/6/1, , 9, 26, 6, 
2015/6/2, , 14, 32, 2, 
2015/6/3, , 13, 31, 4, 
2015/6/4, , 10, 33, 6, 
2015/6/5, , 9, 40, 4, 
2015/6/6, , 16, 31, 2, 
2015/6/7, , 13, 29, 4, 
2015/6/8, , 11, 28, 6, 
2015/6/9, , 14, 35, 5, 
2015/6/10, , 9, 31, 4, 
2015/6/11, , 11, 29, 6, 
2015/6/12, , 14, 52, 5, 
2015/6/13, , 16, 32, 2, 
2015/6/14, , 10, 28, 2, 
2015/6/15, , 10, 32, 4, 
2015/6/16, , 10, 33, 4, 
2015/6/17, , 12, 24, 3, 
2015/6/18, , 9, 31, 2, 
2015/6/19, , 8, 31, 3, 
2015/6/20, , 8, 28, 2, 
2015/6/21, , 10, 26, 5, 
2015/6/22, , 9, 34, 6, 
2015/6/23, , 10, 28, 4, 
2015/6/24, , 16, 29, 3, 
2015/6/25, , 11, 28, 6, 
2015/6/26, , 9, 26, 6, 
2015/6/27, , 11, 24, 4, 
2015/6/28, , 12, 32, 4, 
2015/6/29, , 11, 23, 6, 
2015/6/30, , 9, 28, 7, 
2015/3/2, , 6, 30, 4, 
2015/3/3, , 12, 29, 5, 
2015/3/4, , 9, 24, 8, 
2015/3/5, , 15, 23, 6, 
2015/3/6, , 19, 24, 6, 
2015/3/7, , 28, 25, 8, 
2015/3/8, , 29, 23, 9, 
2015/3/9, , 21, 28, 5, 
2015/3/10, , 22, 29, 7, 
2015/3/11, , 17, 24, 10, 
2015/3/12, , 13, 27, 7, 
2015/3/13, , 12, 27, 3, 
2015/3/14, , 12, 25, 3, 
2015/3/15, , 17, 24, 5, 
2015/3/16, , 32, 27, 6, 
2015/3/17, , 36, 36, 6, 
2015/3/18, , 29, 41, 12, 
2015/3/19, , 43, 21, 13, 
2015/3/20, , 43, 29, 4, 
2015/3/21, , 13, 33, 4, 
2015/3/22, , 7, 31, 4, 
2015/3/23, , 15, 28, 7, 
2015/3/24, , 30, 28, 9, 
2015/3/25, , 35, 28, 9, 
2015/3/26, , 28, 16, 13, 
2015/3/27, , 25, 28, 6, 
2015/3/28, , 18, 25, 4, 
2015/3/29, , 16, 33, 3, 
2015/3/30, , 8, 30, 5, 
2015/3/31, , 8, 30, 3, 
2023/10/17, , , 16, 1, 
2023/10/18, , , 21, 1, 
2023/10/19, , , 19, 1, 
2023/10/20, , , 12, 1, 
2023/10/21, , , 15, 2, 
2023/10/22, , , 15, 2, 
2023/10/23, , , 18, 2, 
2023/10/24, , , 15, 1, 
2023/4/30, , , 40, 3, 
2017/12/31, , , 30, 2, 
2017/11/22, , , 18, 11, 
2017/12/25, , , 29, 2, 
2017/12/26, , , 26, 4, 
2017/7/3, , , 27, 3, 
2017/9/9, , , 32, 2, 
2015/7/5, , , 43, 2, 
2015/8/2, , , 45, 8, 
2015/9/27, , , 17, 11, 
2015/3/1, , , 31, 5, 