date, pm25, pm10, o3, no2, co
2025/11/1, 38, 11, 14, 5, 
2025/11/2, 34, 10, 13, 6, 
2025/11/3, 33, 10, 11, 5, 
2025/11/4, 33, 11, 11, 9, 
2025/11/5, 21, 9, , 8, 
2025/11/6, 24, , , , 
2025/10/1, 18, 10, 15, 7, 
2025/10/2, 27, 8, 16, 8, 
2025/10/3, 19, 8, 18, 3, 
2025/10/4, 24, 7, 16, 1, 
2025/10/5, 18, 4, 13, 4, 
2025/10/6, 9, 10, 7, 8, 
2025/10/7, 25, 12, 11, 6, 
2025/10/8, 30, 7, 14, 4, 
2025/10/9, 14, 18, 19, 3, 
2025/10/10, 41, 7, 20, 1, 
2025/10/11, 17, 6, 15, 3, 
2025/10/12, 13, 8, 12, 8, 
2025/10/13, 12, 7, 12, 6, 
2025/10/14, 16, 6, 17, 5, 
2025/10/15, 17, 8, 15, 4, 
2025/10/16, 20, 9, 14, 6, 
2025/10/17, 18, 5, 15, 8, 
2025/10/18, 8, 7, 15, 12, 
2025/10/19, 18, 8, 15, 4, 
2025/10/20, 23, , , , 
2025/10/24, 20, 7, 17, 3, 
2025/10/25, 17, 6, 17, 4, 
2025/10/26, 14, 6, 16, 4, 
2025/10/27, 12, 7, 16, 4, 
2025/10/28, 15, 12, 14, 4, 
2025/10/29, 31, 6, 17, 5, 
2025/10/30, 15, 10, 12, 10, 
2025/10/31, 19, 12, 11, 6, 
2025/7/1, 23, 16, 32, 6, 
2025/7/2, 29, 20, 27, 1, 
2025/7/3, 30, 8, 18, 2, 
2025/7/4, 14, 8, 19, 2, 
2025/7/5, 22, 8, 13, , 
2025/7/6, 21, 7, 19, 3, 
2025/7/7, 17, 5, 17, 2, 
2025/7/8, 12, 8, 15, 2, 
2025/7/9, 16, 9, 18, 1, 
2025/7/10, 18, 10, 16, 4, 
2025/7/11, 24, 10, 16, 1, 
2025/7/12, 25, 9, 23, 1, 
2025/7/13, 26, 11, 25, 3, 
2025/7/14, 29, 12, 28, 5, 
2025/7/15, 34, 8, 18, 2, 
2025/7/16, 17, 14, 22, 4, 
2025/7/17, 36, 11, 22, 4, 
2025/7/18, 31, 13, 26, 6, 
2025/7/19, 41, 16, 22, 3, 
2025/7/20, 46, 16, 20, 4, 
2025/7/21, 45, 16, 20, 2, 
2025/7/22, 42, 7, 19, 3, 
2025/7/23, 12, 9, 23, 5, 
2025/7/24, 21, 15, 21, 3, 
2025/7/25, 48, 11, 19, 1, 
2025/7/26, 34, 12, 17, 2, 
2025/7/27, 38, 10, 17, , 
2025/7/28, 23, 12, 17, 1, 
2025/7/29, 21, 11, 17, 2, 
2025/7/30, 21, 8, 16, 3, 
2025/7/31, 14, 7, 21, 5, 
2025/8/1, 17, 8, 20, 4, 
2025/8/2, 17, 6, 16, 1, 
2025/8/3, 12, 7, 20, 2, 
2025/8/4, 17, 13, 18, 1, 
2025/8/5, 27, 15, 16, 1, 
2025/8/6, 27, 14, 19, 4, 
2025/8/7, 33, 14, 26, 4, 
2025/8/8, 34, 11, 19, 3, 
2025/8/9, 24, 10, 17, 2, 
2025/8/10, 25, 10, 16, 2, 
2025/8/11, 21, 15, 20, 5, 
2025/8/12, 33, 17, 23, 3, 
2025/8/13, 33, 22, 29, 4, 
2025/8/14, 37, 24, 30, 5, 
2025/8/15, 49, 10, 18, 1, 
2025/8/16, 24, 7, 17, 2, 
2025/8/17, 13, 10, 18, 6, 
2025/8/18, 11, 13, 20, 5, 
2025/8/19, 24, 8, 16, 3, 
2025/8/20, 13, 8, 17, 3, 
2025/8/21, 10, 10, 18, 1, 
2025/8/22, 11, 3, 16, 1, 
2025/8/23, 5, 6, 17, 1, 
2025/8/24, 12, 11, 18, 4, 
2025/8/25, 18, 11, 17, 9, 
2025/8/26, 19, 11, 20, 7, 
2025/8/27, 18, 14, 24, 8, 
2025/8/28, 30, 17, 23, 6, 
2025/8/29, 47, 14, 20, 7, 
2025/8/30, 43, 11, 21, 6, 
2025/8/31, 32, 11, 22, 5, 
2025/9/1, 25, 11, 14, 6, 
2025/9/2, 34, 9, 20, 5, 
2025/9/3, 25, 13, 18, 4, 
2025/9/4, 22, 8, 15, 7, 
2025/9/5, 22, 6, 16, 4, 
2025/9/6, 13, 7, 17, 8, 
2025/9/7, 16, 7, 21, 4, 
2025/9/8, 20, 17, 23, 3, 
2025/9/9, 47, 21, 22, 3, 
2025/9/10, 54, 11, 21, 5, 
2025/9/11, 32, 8, 15, 3, 
2025/9/12, 18, 6, 17, 3, 
2025/9/13, 13, 5, 17, 3, 
2025/9/14, 13, 6, 19, 3, 
2025/9/15, 16, 9, 17, 1, 
2025/9/16, 21, 9, 17, 1, 
2025/9/17, 20, 7, 16, 1, 
2025/9/18, 19, 10, 15, 2, 
2025/9/19, 26, 13, 21, 8, 
2025/9/20, 35, 12, 19, 3, 
2025/9/21, 35, 9, 17, 2, 
2025/9/22, 17, 5, 16, 4, 
2025/9/23, 9, 9, 14, 7, 
2025/9/24, 12, 7, 15, 5, 
2025/9/25, 8, 7, 17, 3, 
2025/9/26, 8, 8, 19, 2, 
2025/9/27, 14, 6, 15, 3, 
2025/9/28, 13, 6, 12, 3, 
2025/9/29, 11, 9, 12, 7, 
2025/9/30, 15, 8, 12, 7, 
2025/4/1, 15, 19, 16, 13, 
2025/4/2, 20, 28, 18, 17, 
2025/4/3, 26, 20, 20, 9, 
2025/4/4, 29, 9, 21, 5, 
2025/4/5, 10, 7, 24, 4, 
2025/4/6, 10, 10, 22, 6, 
2025/4/7, 17, 12, 21, 8, 
2025/4/8, 15, 17, 23, 12, 
2025/4/9, 32, 19, 29, 7, 
2025/4/10, 25, 17, 27, 5, 
2025/4/11, 33, 15, 24, 6, 
2025/4/12, 40, 20, 20, 8, 
2025/4/13, 58, 28, 23, 8, 
2025/4/14, 71, 21, 28, 4, 
2025/4/15, 60, 22, 22, 8, 
2025/4/16, 58, 18, 19, 4, 
2025/4/17, 55, 16, 19, 4, 
2025/4/18, 47, 9, 19, 5, 
2025/4/19, 27, 18, 19, 6, 
2025/4/20, 57, 12, 18, 8, 
2025/4/21, 41, 21, 15, 10, 
2025/4/22, 60, 13, 20, 7, 
2025/4/23, 39, 11, 16, 6, 
2025/4/24, 27, 10, 19, 9, 
2025/4/25, 25, 6, 21, 6, 
2025/4/26, 12, 8, 25, 5, 
2025/4/27, 16, 19, 31, 9, 
2025/4/28, 29, 11, 24, 3, 
2025/4/29, 25, 11, 23, 4, 
2025/4/30, 21, 12, 24, 8, 
2025/5/1, 36, 13, 24, 5, 
2025/5/2, 30, 7, 21, 2, 
2025/5/3, 14, 4, 24, 1, 
2025/5/4, 9, 7, 21, 5, 
2025/5/5, 9, 6, 21, 2, 
2025/5/6, 10, 7, 23, 7, 
2025/5/7, 10, 11, 22, 7, 
2025/5/8, 20, 13, 21, 5, 
2025/5/9, 24, 10, 20, 5, 
2025/5/10, 25, 6, 22, 8, 
2025/5/11, 14, 12, 22, 11, 
2025/5/12, 21, 15, 23, 6, 
2025/5/13, 21, 17, 25, 3, 
2025/5/14, 31, 16, 24, 3, 
2025/5/15, 19, 19, 25, 5, 
2025/5/16, 24, 8, 23, 5, 
2025/5/17, 15, 6, 23, 3, 
2025/5/18, 13, 10, 24, 5, 
2025/5/19, 15, 12, 26, 5, 
2025/5/20, 18, 18, 25, 2, 
2025/5/21, 40, 10, 23, 7, 
2025/5/22, 18, 4, 20, 4, 
2025/5/23, 6, 7, 22, 3, 
2025/5/24, 16, 9, 20, 4, 
2025/5/25, 27, 10, 22, 3, 
2025/5/26, 24, 11, 20, 5, 
2025/5/27, 24, 5, 22, 4, 
2025/5/28, 13, 7, 20, 2, 
2025/5/29, 16, 8, 18, 2, 
2025/5/30, 20, 6, 20, 4, 
2025/5/31, 16, 11, 21, 6, 
2025/6/1, 32, 15, 22, 4, 
2025/6/2, 32, 12, 21, 5, 
2025/6/3, 24, 14, 23, 6, 
2025/6/4, 35, 11, 21, 5, 
2025/6/5, 26, 7, 20, 3, 
2025/6/6, 17, 8, 20, 3, 
2025/6/7, 19, 5, 21, 3, 
2025/6/8, 13, 8, 19, 1, 
2025/6/9, 15, 29, 18, 7, 
2025/6/10, 64, 9, 21, 1, 
2025/6/11, 25, 10, 15, 4, 
2025/6/12, 17, 5, 11, 4, 
2025/6/13, 10, 7, 14, 3, 
2025/6/14, 18, 11, 19, 4, 
2025/6/15, 31, 10, 18, 1, 
2025/6/16, 25, 10, 23, 2, 
2025/6/17, 30, 12, 23, , 
2025/6/18, 30, 11, 17, , 
2025/6/19, 18, 10, 19, 3, 
2025/6/20, 23, 9, 21, 3, 
2025/6/21, 18, 10, 24, 4, 
2025/6/22, 23, 12, 40, 2, 
2025/6/23, 32, 8, 17, 1, 
2025/6/24, 18, 7, 19, 1, 
2025/6/25, 13, 9, 16, 5, 
2025/6/26, 20, 10, 17, 1, 
2025/6/27, 23, 10, 19, 1, 
2025/6/28, 27, 12, 18, , 
2025/6/29, 31, 12, 17, 1, 
2025/6/30, 30, 11, 18, 5, 
2025/1/1, 30, 6, 23, 3, 
2025/1/2, 10, 7, 24, 2, 
2025/1/3, 14, 4, 23, 5, 
2025/1/4, 10, 7, 26, 8, 
2025/1/5, 25, 6, 22, 4, 
2025/1/6, 20, 9, 21, 3, 
2025/1/7, 19, 10, 23, 3, 
2025/1/8, 23, 15, 19, 9, 
2025/1/9, 38, 7, 19, 4, 
2025/1/10, 12, 7, 20, 2, 
2025/1/11, 10, 6, 22, 5, 
2025/1/12, 9, 7, 16, 13, 
2025/1/13, 22, 18, 22, 5, 
2025/1/14, 58, 11, 19, 15, 
2025/1/15, 35, 23, 16, 5, 
2025/1/16, 43, 19, 14, 7, 
2025/1/17, 56, 12, 14, 5, 
2025/1/18, 46, 6, 14, 7, 
2025/1/19, 26, 9, 12, 8, 
2025/1/20, 31, 32, 12, 8, 
2025/1/21, 74, 23, 11, 9, 
2025/1/22, 68, 22, 23, 8, 
2025/1/23, 60, 11, 17, 5, 
2025/1/24, 36, 8, 19, 7, 
2025/1/25, 26, 9, 18, 9, 
2025/1/26, 25, 7, 19, 9, 
2025/1/27, 18, 7, 14, 13, 
2025/1/28, 20, 16, 17, 11, 
2025/1/29, 46, 12, 20, 5, 
2025/1/30, 29, 11, 19, 6, 
2025/1/31, 23, 9, 19, 7, 
2025/2/1, 20, 14, 16, 7, 
2025/2/2, 43, 22, 16, 11, 
2025/2/3, 55, 38, 11, 10, 
2025/2/4, 98, 23, 17, 10, 
2025/2/5, 61, 15, 17, 11, 
2025/2/6, 33, 7, 18, 4, 
2025/2/7, 22, 18, 15, 2, 
2025/2/8, 61, 26, 16, 3, 
2025/2/9, 71, 19, 22, 2, 
2025/2/10, 57, 12, 22, 2, 
2025/2/11, 40, 18, 20, 3, 
2025/2/12, 58, 23, 17, 5, 
2025/2/13, 54, 19, 22, 11, 
2025/2/14, 19, 12, 20, 6, 
2025/2/15, 20, 27, 20, 5, 
2025/2/16, 22, 11, 20, 8, 
2025/2/17, 19, 14, 19, 10, 
2025/2/18, 23, 24, 16, 17, 
2025/2/19, 44, 25, 26, 7, 
2025/2/20, 57, 31, 24, 9, 
2025/2/21, 92, 36, 18, 10, 
2025/2/22, 97, 18, 15, 8, 
2025/2/23, 59, 12, 20, 7, 
2025/2/24, 37, 9, 17, 9, 
2025/2/25, 36, 15, 10, 12, 
2025/2/26, 49, 16, 11, 12, 
2025/2/27, 51, 15, 23, 9, 
2025/2/28, 35, 10, 23, 5, 
2025/3/1, 28, 10, 25, 3, 
2025/3/2, 28, 14, 26, 4, 
2025/3/3, 32, 13, 25, 5, 
2025/3/4, 37, 30, 27, 7, 
2025/3/5, 72, 45, 24, 13, 
2025/3/6, 111, 49, 17, 20, 
2025/3/7, 109, 52, 20, 22, 
2025/3/8, 119, 42, 29, 7, 
2025/3/9, 106, 37, 25, 11, 
2025/3/10, 88, 24, 19, 10, 
2025/3/11, 61, 21, 19, 11, 
2025/3/12, 34, 16, 19, 11, 
2025/3/13, 43, 12, 17, 9, 
2025/3/14, 27, 12, 20, 8, 
2025/3/15, 18, 10, 22, 5, 
2025/3/16, 19, 14, 20, 9, 
2025/3/17, 14, 15, 23, 8, 
2025/3/18, 24, 24, 22, 9, 
2025/3/19, 40, 38, 14, 20, 
2025/3/20, 67, 28, 24, 7, 
2025/3/21, 49, 17, 27, 3, 
2025/3/22, 45, 26, 25, 3, 
2025/3/23, 62, 31, 22, 9, 
2025/3/24, 69, 35, 17, 11, 
2025/3/25, 89, 9, 21, 6, 
2025/3/26, 18, 18, 18, 10, 
2025/3/27, 36, 27, 16, 9, 
2025/3/28, 67, 23, 20, 9, 
2025/3/29, 57, 10, 19, 8, 
2025/3/30, 26, 9, 18, 5, 
2025/3/31, 21, 11, 18, 9, 
2024/10/1, 9, 6, 22, 6, 
2024/10/2, 9, 7, 20, 6, 
2024/10/3, 10, 9, 22, 10, 
2024/10/4, 16, 10, 22, 15, 
2024/10/5, 26, 8, 24, 9, 
2024/10/6, 25, 10, 21, 5, 
2024/10/7, 27, 13, 12, 7, 
2024/10/8, 47, 11, 17, 7, 
2024/10/9, 38, 6, 31, 4, 
2024/10/10, 15, 10, 27, 2, 
2024/10/11, 19, 7, 27, 4, 
2024/10/12, 15, 8, 25, 3, 
2024/10/13, 24, 7, 24, 4, 
2024/10/14, 17, 8, 24, 10, 
2024/10/15, 14, 10, 26, 7, 
2024/10/16, 22, 13, 24, 5, 
2024/10/17, 39, 19, 18, 8, 
2024/10/18, 53, 20, 18, 6, 
2024/10/19, 57, 14, 21, 6, 
2024/10/20, 46, 16, 21, 4, 
2024/10/21, 42, 11, 25, 5, 
2024/10/22, 28, 13, 24, 4, 
2024/10/23, 28, 15, 23, 9, 
2024/10/24, 48, 25, 20, 10, 
2024/10/25, 69, 25, 14, 10, 
2024/10/26, 75, 16, 25, 5, 
2024/10/27, 47, 10, 25, 8, 
2024/10/28, 26, 6, 14, 10, 
2024/10/29, 22, 10, 25, 11, 
2024/10/30, 24, 10, 24, 5, 
2024/10/31, 25, 11, 31, 2, 
2024/11/1, 25, 7, 27, 11, 
2024/11/2, 11, 7, 27, 1, 
2024/11/3, 15, 8, 22, 7, 
2024/11/4, 15, 20, 23, 7, 
2024/11/5, 22, 21, 23, 6, 
2024/11/6, 44, 18, 23, 9, 
2024/11/7, 42, 9, 21, 6, 
2024/11/8, 20, 20, 22, 3, 
2024/11/9, 64, 24, 20, 5, 
2024/11/10, 74, 17, 11, 7, 
2024/11/11, 58, 12, 10, 6, 
2024/11/12, 36, 13, 15, 8, 
2024/11/13, 34, 11, 19, 7, 
2024/11/14, 22, 14, 20, 5, 
2024/11/15, 27, 8, 23, 2, 
2024/11/16, 21, 8, 23, 1, 
2024/11/17, 16, 6, 22, 3, 
2024/11/18, 11, 15, 22, 9, 
2024/11/19, 18, 9, 19, 7, 
2024/11/20, 12, 16, 16, 10, 
2024/11/21, 16, 24, 16, 16, 
2024/11/22, 28, 6, 19, 5, 
2024/11/23, 15, 7, 19, 4, 
2024/11/24, 17, 11, 23, 5, 
2024/11/25, 20, 13, 17, 6, 
2024/11/26, 35, 13, 18, 6, 
2024/11/27, 27, 6, 19, 5, 
2024/11/28, 14, 11, 14, 9, 
2024/11/29, 17, 9, 14, 6, 
2024/11/30, 24, 11, 9, 6, 
2024/12/1, 41, 17, 7, 6, 
2024/12/2, 58, 18, 20, 8, 
2024/12/3, 42, 16, 18, 4, 
2024/12/4, 17, 9, 15, 6, 
2024/12/5, 16, 13, 14, 5, 
2024/12/6, 47, 10, 13, 5, 
2024/12/7, 38, 13, 11, 3, 
2024/12/8, 46, 9, 18, 3, 
2024/12/9, 15, 11, 17, 5, 
2024/12/10, 20, 12, 16, 7, 
2024/12/11, 27, 19, 10, 13, 
2024/12/12, 35, 11, 16, 10, 
2024/12/13, 25, 11, 21, 4, 
2024/12/14, 40, 6, 22, 4, 
2024/12/15, 16, 10, 22, 2, 
2024/12/16, 23, 6, 22, 4, 
2024/12/17, 14, 11, 19, 5, 
2024/12/18, 37, 9, 23, 4, 
2024/12/19, 22, 17, 23, 3, 
2024/12/20, 35, 9, 17, 4, 
2024/12/21, 30, 10, 21, 4, 
2024/12/22, 21, 5, 21, 7, 
2024/12/23, 14, 8, 14, 7, 
2024/12/24, 18, 8, 13, 5, 
2024/12/25, 32, 3, 13, 4, 
2024/12/26, 12, 4, 11, 5, 
2024/12/27, 16, 7, 9, 6, 
2024/12/28, 19, 10, 16, 7, 
2024/12/29, 40, , , , 
2024/7/1, 18, 6, 26, 3, 
2024/7/2, 11, 9, 25, 3, 
2024/7/3, 19, 5, 26, 3, 
2024/7/4, 11, 6, 27, 2, 
2024/7/5, 12, 9, 32, 4, 
2024/7/6, 21, 8, 32, 3, 
2024/7/7, 15, 7, 28, 7, 
2024/7/8, 14, 7, 35, 5, 
2024/7/9, 13, 16, 34, 6, 
2024/7/10, 37, 8, 21, 10, 
2024/7/11, 17, 9, 30, 7, 
2024/7/12, 18, 5, 31, 4, 
2024/7/13, 11, 6, 28, 4, 
2024/7/14, 13, 7, 29, 5, 
2024/7/15, 16, 11, 26, 8, 
2024/7/16, 28, 10, 28, 5, 
2024/7/17, 23, 6, 24, 4, 
2024/7/18, 13, 7, 30, 5, 
2024/7/19, 16, 7, 26, 6, 
2024/7/20, 16, 7, 27, 5, 
2024/7/21, 16, 12, 24, 4, 
2024/7/22, 23, 7, 29, 5, 
2024/7/23, 17, 11, 24, 4, 
2024/7/24, 26, 9, 23, 4, 
2024/7/25, 21, 9, 26, 6, 
2024/7/26, 21, 9, 23, 5, 
2024/7/27, 21, 9, 24, 3, 
2024/7/28, 17, 7, 23, 3, 
2024/7/29, 16, 9, 26, 6, 
2024/7/30, 16, 9, 26, 5, 
2024/7/31, 19, 12, 30, 5, 
2024/8/1, 23, 12, 32, 6, 
2024/8/2, 24, 11, 32, 6, 
2024/8/3, 31, 11, 27, 4, 
2024/8/4, 31, 7, 24, 3, 
2024/8/5, 17, 9, 26, 6, 
2024/8/6, 19, 11, 31, 5, 
2024/8/7, 25, 8, 26, 5, 
2024/8/8, 20, 9, 25, 5, 
2024/8/9, 24, 11, 26, 2, 
2024/8/10, 23, 9, 24, 2, 
2024/8/11, 22, 8, 25, 4, 
2024/8/12, 14, 8, 24, 5, 
2024/8/13, 13, 12, 36, 5, 
2024/8/14, 17, 15, 34, 7, 
2024/8/15, 29, 17, 24, 6, 
2024/8/16, 42, 7, 25, 5, 
2024/8/17, 15, 8, 27, 7, 
2024/8/18, 18, 13, 27, 5, 
2024/8/19, 35, 16, 32, 7, 
2024/8/20, 45, 10, 27, 3, 
2024/8/21, 27, 10, 25, 4, 
2024/8/22, 23, 12, 28, 4, 
2024/8/23, 29, 13, 31, 3, 
2024/8/24, 27, 9, 33, 2, 
2024/8/25, 27, 13, 29, 5, 
2024/8/26, 38, 16, 31, 7, 
2024/8/27, 37, 19, 34, 4, 
2024/8/28, 50, 35, 41, 8, 
2024/8/29, 73, 15, 32, 6, 
2024/8/30, 38, 13, 24, 3, 
2024/8/31, 37, 10, 20, 6, 
2024/9/1, 27, 12, 28, 6, 
2024/9/2, 33, 18, 35, 3, 
2024/9/3, 40, 39, 41, 5, 
2024/9/4, 71, 44, 39, 4, 
2024/9/5, 71, 24, 36, 3, 
2024/9/6, 54, 33, 38, 3, 
2024/9/7, 59, 29, 41, 7, 
2024/9/8, 56, 23, 37, 6, 
2024/9/9, 47, 8, 27, 3, 
2024/9/10, 18, 5, 28, 6, 
2024/9/11, 12, 5, 25, 5, 
2024/9/12, 7, 7, 30, 4, 
2024/9/13, 11, 4, 28, 3, 
2024/9/14, 7, 4, 27, 3, 
2024/9/15, 8, 13, 20, 8, 
2024/9/16, 17, 20, 20, 7, 
2024/9/17, 32, 19, 19, 6, 
2024/9/18, 45, 14, 25, 5, 
2024/9/19, 27, 20, 31, 3, 
2024/9/20, 43, 21, 33, 9, 
2024/9/21, 48, 21, 36, 4, 
2024/9/22, 54, 23, 32, 8, 
2024/9/23, 53, 18, 31, 10, 
2024/9/24, 49, 8, 31, 6, 
2024/9/25, 26, 6, 30, 5, 
2024/9/26, 18, 7, 27, 3, 
2024/9/27, 16, 5, 28, 2, 
2024/9/28, 9, 8, 26, 6, 
2024/9/29, 13, 8, 27, 7, 
2024/9/30, 13, 6, 26, 2, 
2024/4/1, 48, 6, 20, 6, 
2024/4/2, 17, 6, 24, 6, 
2024/4/3, 11, 5, 24, 4, 
2024/4/4, 17, 12, 28, 8, 
2024/4/5, 29, 17, 27, 7, 
2024/4/6, 47, 10, 30, 8, 
2024/4/7, 22, 15, 30, 10, 
2024/4/8, 21, 16, 28, 8, 
2024/4/9, 37, 12, 27, 6, 
2024/4/10, 22, 15, 23, 7, 
2024/4/11, 37, 14, 23, 7, 
2024/4/12, 44, 15, 23, 7, 
2024/4/13, 45, 13, 29, 3, 
2024/4/14, 29, 13, 30, 6, 
2024/4/15, 24, 8, 28, 7, 
2024/4/16, 16, 6, 27, 7, 
2024/4/17, 11, 9, 29, 11, 
2024/4/18, 12, 4, 29, 5, 
2024/4/19, 11, 6, 29, 5, 
2024/4/20, 16, 7, 33, 6, 
2024/4/21, 18, 7, 27, 7, 
2024/4/22, 15, 10, 32, 7, 
2024/4/23, 20, 10, 32, 7, 
2024/4/24, 32, 10, 33, 6, 
2024/4/25, 29, 8, 31, 6, 
2024/4/26, 27, 10, 35, 7, 
2024/4/27, 38, 13, 34, 6, 
2024/4/28, 36, 10, 31, 7, 
2024/4/29, 23, 13, 35, 5, 
2024/4/30, 25, 19, 42, 3, 
2024/5/1, 41, 21, 34, 3, 
2024/5/2, 38, 20, 33, 3, 
2024/5/3, 31, 19, 28, 5, 
2024/5/4, 47, 14, 26, 7, 
2024/5/5, 47, 11, 26, 5, 
2024/5/6, 35, 8, 27, 5, 
2024/5/7, 17, 11, 29, 9, 
2024/5/8, 25, 13, 30, 6, 
2024/5/9, 40, 11, 27, 6, 
2024/5/10, 31, 10, 21, 6, 
2024/5/11, 35, 5, 29, 4, 
2024/5/12, 11, 8, 31, 6, 
2024/5/13, 13, 10, 33, 4, 
2024/5/14, 15, 16, 36, 5, 
2024/5/15, 24, 23, 36, 3, 
2024/5/16, 36, 21, 38, 4, 
2024/5/17, 36, 16, 39, 4, 
2024/5/18, 31, 12, 36, 5, 
2024/5/19, 27, 13, 37, 6, 
2024/5/20, 29, 16, 37, 3, 
2024/5/21, 24, 15, 37, 2, 
2024/5/22, 28, 15, 32, 6, 
2024/5/23, 38, 13, 29, 6, 
2024/5/24, 40, , 28, 6, 
2024/5/28, 35, 9, 28, 5, 
2024/5/29, 21, 9, 32, 6, 
2024/5/30, 25, 17, 32, 5, 
2024/5/31, 47, 17, 29, 6, 
2024/6/1, 49, 16, 34, 5, 
2024/6/2, 48, 13, 26, 3, 
2024/6/3, 31, 10, 23, 5, 
2024/6/4, 22, 10, 26, 5, 
2024/6/5, 23, 9, 26, 2, 
2024/6/6, 24, 11, 26, 5, 
2024/6/7, 28, 11, 28, 4, 
2024/6/8, 34, 7, 24, 2, 
2024/6/9, 15, 10, 25, 3, 
2024/6/10, 21, 7, 24, 6, 
2024/6/11, 18, 9, 25, 4, 
2024/6/12, 19, 6, 24, 4, 
2024/6/13, 12, 9, 27, 6, 
2024/6/14, 21, 8, 26, 5, 
2024/6/15, 24, 7, 26, 5, 
2024/6/16, 16, 6, 22, 7, 
2024/6/17, 14, 8, 28, 6, 
2024/6/18, 19, 7, 26, 3, 
2024/6/19, 16, 10, 25, 4, 
2024/6/20, 20, 8, 30, 4, 
2024/6/21, 19, 8, 26, 3, 
2024/6/22, 23, 6, 27, 3, 
2024/6/23, 18, 14, 25, 5, 
2024/6/24, 40, 12, 29, 8, 
2024/6/25, 30, 12, 33, 6, 
2024/6/26, 29, 16, 41, 6, 
2024/6/27, 41, 16, 31, 6, 
2024/6/28, 43, 8, 29, 3, 
2024/6/29, 17, 5, 33, 3, 
2024/6/30, 14, 10, 25, 4, 
2024/1/1, 56, 2, 17, 2, 
2024/1/2, 7, 2, 18, 2, 
2024/1/3, 6, 3, 24, 6, 
2024/1/4, 9, 6, 21, 7, 
2024/1/5, 21, 5, 24, 7, 
2024/1/6, 19, 5, 23, 7, 
2024/1/7, 21, 7, 23, 12, 
2024/1/8, 23, 7, 23, 13, 
2024/1/9, 26, 8, 23, 6, 
2024/1/10, 33, 7, 22, 11, 
2024/1/11, 28, 12, 21, 12, 
2024/1/12, 46, 8, 27, 4, 
2024/1/13, 27, 8, 27, 4, 
2024/1/14, 21, 4, 28, 5, 
2024/1/15, 10, 4, 24, 10, 
2024/1/16, 12, 13, 23, 7, 
2024/1/17, 45, 9, 26, 6, 
2024/1/18, 25, 5, 29, 5, 
2024/1/19, 14, 11, 28, 4, 
2024/1/20, 29, 13, 22, 4, 
2024/1/21, 39, 14, 27, 4, 
2024/1/22, 41, 20, 29, 4, 
2024/1/23, 50, 14, 31, 3, 
2024/1/24, 40, 16, 31, 7, 
2024/1/25, 41, 12, 31, 6, 
2024/1/26, 39, 17, 29, 4, 
2024/1/27, 44, 16, 21, 6, 
2024/1/28, 47, 15, 18, 11, 
2024/1/29, 32, 22, 14, 11, 
2024/1/30, 67, 10, 25, 6, 
2024/1/31, 30, 18, 30, 4, 
2024/2/1, 46, 13, 26, 6, 
2024/2/2, 38, 11, 29, 4, 
2024/2/3, 32, 13, 30, 3, 
2024/2/4, 38, 7, 30, 6, 
2024/2/5, 17, 10, 31, 5, 
2024/2/6, 15, 7, 30, 6, 
2024/2/7, 12, 14, 27, 11, 
2024/2/8, 20, 3, 28, 4, 
2024/2/9, 11, 6, 26, 3, 
2024/2/10, 25, 6, 23, 2, 
2024/2/11, 22, 3, 19, 7, 
2024/2/12, 12, 22, 22, 8, 
2024/2/13, 48, 15, 18, 10, 
2024/2/14, 49, 7, 13, 10, 
2024/2/15, 30, 9, 19, 7, 
2024/2/16, 31, 6, 24, 6, 
2024/2/17, 12, 8, 21, 8, 
2024/2/18, 25, 7, 21, 6, 
2024/2/19, 26, 13, 23, 6, 
2024/2/20, 35, 21, 27, 7, 
2024/2/21, 45, 8, 18, 8, 
2024/2/22, 29, 14, 30, 6, 
2024/2/23, 22, 8, 23, 7, 
2024/2/24, 20, 6, 23, 8, 
2024/2/25, 18, 18, 16, 11, 
2024/2/26, 50, 17, 14, 9, 
2024/2/27, 44, 25, 19, 8, 
2024/2/28, 58, 24, 18, 6, 
2024/2/29, 66, 43, 16, 8, 
2024/3/1, 115, 47, 14, 8, 
2024/3/2, 134, 37, 22, 5, 
2024/3/3, 102, 26, 26, 4, 
2024/3/4, 60, 18, 25, 6, 
2024/3/5, 42, 12, 24, 6, 
2024/3/6, 38, 17, 24, 11, 
2024/3/7, 35, 18, 26, 14, 
2024/3/8, 35, 10, 28, 3, 
2024/3/9, 36, 16, 28, 2, 
2024/3/10, 54, 14, 27, 4, 
2024/3/11, 47, 13, 24, 6, 
2024/3/12, 42, 26, 20, 8, 
2024/3/13, 75, 24, 16, 10, 
2024/3/14, 63, 21, 17, 10, 
2024/3/15, 56, 15, 29, 5, 
2024/3/16, 38, 4, 26, 4, 
2024/3/17, 7, 7, 26, 7, 
2024/3/18, 11, 13, 22, 8, 
2024/3/19, 32, 37, 19, 14, 
2024/3/20, 65, 19, 21, 13, 
2024/3/21, 47, 20, 25, 7, 
2024/3/22, 48, 13, 27, 7, 
2024/3/23, 32, 12, 26, 7, 
2024/3/24, 34, 16, 20, 10, 
2024/3/25, 34, 12, 25, 9, 
2024/3/26, 31, 19, 27, 8, 
2024/3/27, 52, 20, 23, 9, 
2024/3/28, 53, 7, 27, 10, 
2024/3/29, 20, 10, 26, 8, 
2024/3/30, 37, 14, 23, 8, 
2024/3/31, 42, 23, 23, 6, 
2023/10/1, 24, 16, 19, , 
2023/10/2, 51, 17, 25, , 
2023/10/3, 49, 11, 24, , 
2023/10/4, 26, 9, 26, , 
2023/10/5, 22, 8, 23, 5, 
2023/10/6, 22, 9, 25, 4, 
2023/10/7, 19, 3, 20, 4, 
2023/10/8, 7, 4, 17, , 
2023/10/9, 9, , , , 
2023/10/11, 30, 13, 26, 1, 
2023/10/12, 30, 16, 22, 9, 
2023/10/13, 39, 9, 24, , 
2023/10/14, 22, 9, 23, , 
2023/10/15, 21, 10, 23, 5, 
2023/10/16, 18, , , , 
2023/10/26, 9, 4, 12, 4, 
2023/10/27, 9, 5, 18, 2, 
2023/10/28, 19, 6, 21, 4, 
2023/10/29, 19, 7, 23, 6, 
2023/10/30, 18, 6, 19, 6, 
2023/10/31, 18, 6, 18, 5, 
2023/11/1, 11, 9, 16, 5, 
2023/11/2, 26, 11, 15, 7, 
2023/11/3, 33, 9, 20, 5, 
2023/11/4, 25, 7, 19, 6, 
2023/11/5, 22, 8, 20, 5, 
2023/11/6, 24, 9, 20, 6, 
2023/11/7, 28, 9, 19, 5, 
2023/11/8, 27, 6, 23, 5, 
2023/11/9, 17, 9, 21, 6, 
2023/11/10, 21, 10, 15, 8, 
2023/11/11, 24, 10, 18, 7, 
2023/11/12, 32, 12, 22, 8, 
2023/11/13, 25, 3, 25, 3, 
2023/11/14, 11, 7, 20, 5, 
2023/11/15, 13, 2, 22, 4, 
2023/11/16, 5, 5, 20, 5, 
2023/11/17, 8, 10, 16, 9, 
2023/11/18, 21, 6, 19, 3, 
2023/11/19, 21, 9, 16, 3, 
2023/11/20, 33, 14, 16, 10, 
2023/11/21, 28, 9, 23, 8, 
2023/11/22, 18, 8, 29, 3, 
2023/11/23, 22, 8, 28, 5, 
2023/11/24, 16, 7, 24, 7, 
2023/11/25, 12, 10, 20, 10, 
2023/11/26, 16, 6, 17, 8, 
2023/11/27, 16, 19, 17, 8, 
2023/11/28, 26, 7, 14, 12, 
2023/11/29, 26, 6, 20, 5, 
2023/11/30, 25, , , , 
2023/12/4, 51, 9, 23, 6, 
2023/12/5, 36, 13, 23, 4, 
2023/12/6, 51, 26, 15, 12, 
2023/12/7, 80, 27, 8, 13, 
2023/12/8, 86, 22, 6, 10, 
2023/12/9, 74, 14, 9, 5, 
2023/12/10, 52, 5, 7, 7, 
2023/12/11, 20, 9, 7, 8, 
2023/12/12, 23, 9, 10, 5, 
2023/12/13, 24, 13, 10, 13, 
2023/12/14, 24, 12, 13, 9, 
2023/12/15, 44, 11, 15, 5, 
2023/12/16, 38, 11, 15, 3, 
2023/12/17, 34, 6, 14, 6, 
2023/12/18, 21, 5, 16, 8, 
2023/12/19, 17, 8, 18, 5, 
2023/12/20, 20, 9, 28, 5, 
2023/12/21, 23, 11, 30, 2, 
2023/12/22, 25, 7, 29, 5, 
2023/12/23, 16, 5, 29, 7, 
2023/12/24, 15, 16, 28, 2, 
2023/12/25, 40, 7, 27, 4, 
2023/12/26, 18, 18, 25, 10, 
2023/12/27, 36, 11, 23, 5, 
2023/12/28, 35, 12, 27, 4, 
2023/12/29, 34, 9, 26, 5, 
2023/12/30, 23, 11, 19, 4, 
2023/12/31, 36, 15, 15, 5, 
2023/7/1, 16, 6, 29, 2, 
2023/7/2, 20, 9, 27, 1, 
2023/7/3, 17, 7, 26, , 
2023/7/4, 15, 9, 30, 5, 
2023/7/5, 21, 5, 28, 3, 
2023/7/6, 12, 7, 25, 3, 
2023/7/7, 16, 8, 33, , 
2023/7/8, 17, 7, 33, , 
2023/7/9, 17, 8, 31, 7, 
2023/7/10, 24, 8, 34, 5, 
2023/7/11, 20, 6, 31, , 
2023/7/12, 17, 6, 27, 4, 
2023/7/13, 14, 5, 29, 4, 
2023/7/14, 13, 11, 42, 5, 
2023/7/15, 24, 8, 32, , 
2023/7/16, 18, 8, 27, , 
2023/7/17, 19, 6, 25, 5, 
2023/7/18, 13, 6, 25, 4, 
2023/7/19, 12, 5, 24, 3, 
2023/7/20, 10, 6, 26, 2, 
2023/7/21, 15, 4, 26, , 
2023/7/22, 10, 4, 24, 7, 
2023/7/23, 15, 9, 23, 3, 
2023/7/24, 21, 7, 24, 4, 
2023/7/25, 14, 5, 28, 2, 
2023/7/26, 11, 6, 29, , 
2023/7/27, 16, 9, 33, 8, 
2023/7/28, 26, 8, 24, 6, 
2023/7/29, 23, 7, 27, 4, 
2023/7/30, 18, 6, 26, 1, 
2023/7/31, 14, 2, 28, 6, 
2023/8/1, 6, 4, 27, 4, 
2023/8/2, 10, 5, 22, , 
2023/8/3, 14, , , , 
2023/8/7, 17, 11, 27, , 
2023/8/8, 20, 8, 27, 3, 
2023/8/9, 17, 8, 23, 2, 
2023/8/10, 19, 8, 23, , 
2023/8/11, 17, 10, 27, , 
2023/8/12, 25, 10, 23, , 
2023/8/13, 27, 8, 26, , 
2023/8/14, 22, 13, 29, 9, 
2023/8/15, 38, 7, 24, 5, 
2023/8/16, 15, 9, 24, 7, 
2023/8/17, 16, 8, 22, 3, 
2023/8/18, 16, 8, 25, 2, 
2023/8/19, 24, 7, 21, 3, 
2023/8/20, 21, 7, 21, 6, 
2023/8/21, 18, 9, 23, 7, 
2023/8/22, 16, 9, 24, 6, 
2023/8/23, 20, 7, 23, , 
2023/8/24, 14, 9, 25, 10, 
2023/8/25, 26, 8, 27, 5, 
2023/8/26, 27, 6, 24, 7, 
2023/8/27, 18, 5, 27, 4, 
2023/8/28, 10, 7, 21, , 
2023/8/29, 13, 7, 23, , 
2023/8/30, 14, 5, 22, , 
2023/8/31, 13, 4, 23, , 
2023/9/1, 10, 7, 25, 4, 
2023/9/2, 18, 7, 25, 3, 
2023/9/3, 16, 9, 29, 7, 
2023/9/4, 22, 10, 27, 7, 
2023/9/5, 25, 14, 28, , 
2023/9/6, 29, 7, 26, 3, 
2023/9/7, 16, 12, 34, 7, 
2023/9/8, 26, 16, 35, 5, 
2023/9/9, 44, 22, 43, , 
2023/9/10, 60, 17, 34, , 
2023/9/11, 52, 22, 30, 7, 
2023/9/12, 62, 8, 22, 5, 
2023/9/13, 15, 7, 23, 8, 
2023/9/14, 12, 9, 25, 11, 
2023/9/15, 15, 10, 28, , 
2023/9/16, 21, 10, 32, 2, 
2023/9/17, 24, 13, 32, 2, 
2023/9/18, 35, 9, 25, , 
2023/9/19, 20, 8, 21, 8, 
2023/9/20, 17, 12, 30, 7, 
2023/9/21, 23, 11, 25, 6, 
2023/9/22, 26, 5, 24, 8, 
2023/9/23, 15, 6, 24, , 
2023/9/24, 13, 8, 23, 8, 
2023/9/25, 20, 17, 19, 12, 
2023/9/26, 49, 23, 25, 10, 
2023/9/27, 62, 25, 22, 7, 
2023/9/28, 64, 13, 25, , 
2023/9/29, 39, 11, 25, 3, 
2023/9/30, 26, 10, 25, 5, 
2023/4/3, 16, 13, 32, 7, 
2023/4/4, 15, 10, 31, 7, 
2023/4/5, 15, 9, 33, 6, 
2023/4/6, 29, 11, 34, 5, 
2023/4/7, 21, 8, 32, 5, 
2023/4/8, 25, 11, 24, , 
2023/4/9, 19, 9, 31, , 
2023/4/10, 24, 10, 37, , 
2023/4/11, 30, 9, 32, , 
2023/4/12, 23, 8, 31, , 
2023/4/13, 26, 9, 31, 9, 
2023/4/14, 55, 18, 26, , 
2023/4/15, 61, 19, 31, , 
2023/4/16, 50, 17, 28, , 
2023/4/17, 57, 24, 31, , 
2023/4/18, 35, 17, 35, 5, 
2023/4/19, 14, 11, 38, 3, 
2023/4/20, 28, 16, 44, 5, 
2023/4/21, 29, 10, 39, 6, 
2023/4/24, 30, 9, 30, 5, 
2023/4/25, 27, 11, 35, 2, 
2023/4/26, 19, 10, 33, , 
2023/4/27, 14, 8, 31, , 
2023/4/28, 19, 11, 32, , 
2023/5/2, 15, 9, 35, , 
2023/5/3, 25, 12, 31, , 
2023/5/4, 20, 10, 31, 3, 
2023/5/5, 14, 11, 35, 2, 
2023/5/6, 17, 8, 34, 3, 
2023/5/7, 22, 9, 37, , 
2023/5/8, 26, 11, 36, , 
2023/5/9, 30, 16, 39, , 
2023/5/10, 31, 17, 39, , 
2023/5/11, 37, 19, 43, , 
2023/5/12, 32, 16, 43, , 
2023/5/13, 38, 17, 42, , 
2023/5/14, 40, 19, 41, 7, 
2023/5/15, 43, 20, 38, 4, 
2023/5/16, 34, 13, 33, 3, 
2023/5/17, 17, 10, 30, , 
2023/5/18, 28, 12, 34, , 
2023/5/19, 30, 12, 28, 3, 
2023/5/20, 9, 6, 33, 4, 
2023/5/21, 29, 12, 38, 4, 
2023/5/22, 20, 12, 37, 4, 
2023/5/23, 29, 13, 30, , 
2023/5/24, 38, 12, 36, , 
2023/5/25, 38, 15, 33, , 
2023/5/26, 32, 14, 31, 12, 
2023/5/27, 30, 11, 28, 5, 
2023/5/28, 27, 9, 31, 3, 
2023/5/29, 21, 10, 36, 7, 
2023/5/30, 22, 12, 30, 5, 
2023/5/31, 24, 14, 30, 4, 
2023/6/1, 26, 13, 32, 3, 
2023/6/2, 11, 9, 27, , 
2023/6/3, 9, 6, 31, , 
2023/6/4, 21, 9, 33, , 
2023/6/5, 29, 12, 31, , 
2023/6/6, 32, 11, 35, 8, 
2023/6/7, 31, 13, 34, 9, 
2023/6/8, 46, 19, 37, 5, 
2023/6/9, 25, 12, 31, 2, 
2023/6/10, 13, 10, 29, 2, 
2023/6/11, 16, 10, 30, 3, 
2023/6/12, 19, 12, 30, , 
2023/6/13, 20, 15, 32, , 
2023/6/14, 23, 17, 36, , 
2023/6/15, 29, 18, 33, , 
2023/6/16, 31, 13, 36, 8, 
2023/6/17, 38, 13, 33, 4, 
2023/6/18, 33, 9, 38, 7, 
2023/6/19, 41, 12, 36, 3, 
2023/6/20, 43, 14, 41, , 
2023/6/21, 43, 15, 39, 10, 
2023/6/22, 23, 10, 34, 3, 
2023/6/23, 22, 8, 35, 4, 
2023/6/24, 26, 9, 33, 8, 
2023/6/25, 26, 9, 35, , 
2023/6/26, 28, 10, 37, , 
2023/6/27, 20, 9, 34, , 
2023/6/28, 29, 11, 29, , 
2023/6/29, 28, 9, 27, 6, 
2023/6/30, 25, 9, 27, 5, 
2022/10/1, 25, 10, 19, 3, 
2022/10/2, 12, 11, 18, 3, 
2022/10/3, 12, 16, 19, 6, 
2022/10/4, 25, 18, 17, 7, 
2022/10/5, 37, 16, 21, 2, 
2022/10/6, 21, 17, 19, , 
2022/10/7, 23, 11, 19, , 
2022/10/8, 17, 10, 17, 7, 
2022/10/9, 12, 12, 20, 4, 
2022/10/10, 21, 12, 19, 1, 
2022/10/11, 15, 11, 17, 10, 
2022/10/12, 14, 19, 14, 8, 
2022/10/13, 35, 20, 15, 8, 
2022/10/14, 46, 17, 14, , 
2022/10/15, 42, 13, 22, 4, 
2022/10/16, 25, 14, 15, 9, 
2022/10/17, 25, 13, 19, , 
2022/10/18, 20, 6, 16, 8, 
2022/10/19, 11, 6, 18, 8, 
2022/10/20, 12, 17, 14, , 
2022/10/21, 48, 22, 9, 9, 
2022/10/22, 62, 14, 18, 5, 
2022/10/23, 28, 14, 21, 7, 
2022/10/24, 32, 13, 20, 5, 
2022/10/25, 21, 16, 16, 8, 
2022/10/26, 30, 20, 12, 5, 
2022/10/27, 41, 22, 10, 15, 
2022/10/28, 48, 14, 18, 5, 
2022/10/29, 24, 17, 15, 7, 
2022/10/30, 40, 22, 10, 15, 
2022/10/31, 53, 19, 18, 7, 
2022/11/1, 43, 11, 19, 3, 
2022/11/2, 16, 11, 15, 7, 
2022/11/3, 18, 13, 21, 9, 
2022/11/4, 32, 9, 20, 3, 
2022/11/5, 11, 9, 15, 5, 
2022/11/6, 22, 9, 15, 4, 
2022/11/7, 18, 10, 15, 3, 
2022/11/8, 20, 10, 17, 10, 
2022/11/9, 17, 11, 20, 5, 
2022/11/10, 15, 18, 16, 2, 
2022/11/11, 26, 23, 15, 5, 
2022/11/12, 37, 7, 14, 8, 
2022/11/13, 20, 8, 16, 3, 
2022/11/14, 23, 21, 18, 5, 
2022/11/15, 59, 3, 17, , 
2022/11/16, 5, 5, 20, 1, 
2022/11/17, 5, 5, 18, 5, 
2022/11/18, 7, 7, 14, , 
2022/11/19, 6, 6, 15, 8, 
2022/11/20, 12, 7, 12, 6, 
2022/11/21, 14, 9, 14, , 
2022/11/22, 31, 25, 10, 8, 
2022/11/23, 70, 23, 8, 9, 
2022/11/24, 65, 20, 9, , 
2022/11/25, 56, 10, 10, , 
2022/11/26, 29, 12, 12, 5, 
2022/11/27, 28, 16, 15, 6, 
2022/11/28, 32, 17, 16, 5, 
2022/11/29, 45, 17, 12, 6, 
2022/11/30, 48, 11, 11, , 
2022/12/1, 18, 8, 15, 5, 
2022/12/2, 23, 10, 15, 3, 
2022/12/3, 27, 4, 12, , 
2022/12/4, 25, 3, 8, 9, 
2022/12/5, 17, 6, 15, 6, 
2022/12/6, 18, 11, 17, , 
2022/12/7, 27, 13, 12, , 
2022/12/8, 22, 8, 18, 9, 
2022/12/9, 28, 14, 15, 11, 
2022/12/10, 50, 9, 9, 4, 
2022/12/11, 36, 7, 14, , 
2022/12/12, 26, 18, 16, 8, 
2022/7/1, 31, 11, 19, 4, 
2022/7/5, 16, 10, 19, 4, 
2022/7/6, 14, 7, 14, 4, 
2022/7/7, 21, 11, 21, 3, 
2022/7/8, 17, 10, 17, , 
2022/7/9, 15, 10, 17, , 
2022/7/10, 11, 9, 17, 3, 
2022/7/11, 10, 10, 17, 4, 
2022/7/12, 13, 15, 29, , 
2022/7/13, 29, 11, 19, 2, 
2022/7/14, 13, 12, 19, 2, 
2022/7/15, 14, 8, 21, , 
2022/7/16, 19, 11, 21, , 
2022/7/17, 17, 15, 30, 6, 
2022/7/18, 24, 21, 36, , 
2022/7/19, 44, 23, 33, 10, 
2022/7/20, 44, 31, 35, 6, 
2022/7/21, 75, 15, 24, , 
2022/7/22, 89, 7, 17, , 
2022/7/23, 63, 11, 22, 7, 
2022/7/24, 64, 19, 35, 7, 
2022/7/25, 88, 13, 21, 3, 
2022/7/26, 75, 9, 20, 4, 
2022/7/27, 59, 12, 22, 4, 
2022/7/28, 60, 13, 23, 19, 
2022/7/29, 64, 10, 23, 6, 
2022/7/30, 65, 10, 23, 4, 
2022/7/31, 68, 16, 22, 3, 
2022/8/1, 79, 15, 23, , 
2022/8/2, 62, 19, 33, , 
2022/8/3, 95, 25, 35, 9, 
2022/8/4, 145, 12, 23, 4, 
2022/8/5, 102, 9, 20, , 
2022/8/6, 61, 11, 19, 3, 
2022/8/7, 66, 14, 19, 5, 
2022/8/8, 64, 14, 19, 11, 
2022/8/9, 53, 13, 21, 7, 
2022/8/10, 33, 16, 24, , 
2022/8/11, 25, 17, 25, , 
2022/8/12, 34, 21, 29, 7, 
2022/8/13, 33, 23, 26, 5, 
2022/8/14, 35, 20, 25, , 
2022/8/15, 43, , , , 
2022/8/17, 62, 28, 31, , 
2022/8/18, 56, 29, 27, , 
2022/8/19, 65, 16, 22, 7, 
2022/8/20, 38, 14, 25, 8, 
2022/8/21, 26, 14, 20, , 
2022/8/22, 23, 15, 20, 8, 
2022/8/23, 26, 14, 23, 5, 
2022/8/24, 27, 12, 22, 2, 
2022/8/25, 27, 27, 23, 12, 
2022/8/26, 44, 20, 24, 4, 
2022/8/27, 46, 13, 23, 2, 
2022/8/28, 33, 8, 13, , 
2022/8/29, 16, 8, 16, , 
2022/8/30, 17, 9, 15, 7, 
2022/8/31, 19, 8, 20, 7, 
2022/9/1, 16, 12, 18, 8, 
2022/9/2, 23, 6, 21, 1, 
2022/9/3, 15, 6, 21, , 
2022/9/4, 14, 7, 21, , 
2022/9/5, 14, 7, 19, 4, 
2022/9/6, 13, 12, 26, 4, 
2022/9/7, 21, 13, 26, , 
2022/9/8, 21, 9, 22, 8, 
2022/9/9, 27, 10, 16, 2, 
2022/9/10, 32, , , , 
2022/9/12, 21, 11, 24, 3, 
2022/9/13, 19, 9, 23, 4, 
2022/9/14, 14, 11, 22, 2, 
2022/9/15, 14, 9, 20, 6, 
2022/9/16, 12, 6, 19, 3, 
2022/9/17, 8, 9, 17, 4, 
2022/9/18, 14, 7, 16, , 
2022/9/19, 10, 7, 16, , 
2022/9/20, 9, 9, 16, 9, 
2022/9/21, 15, 12, 17, 13, 
2022/9/22, 20, 9, 19, , 
2022/9/23, 16, 14, 22, 9, 
2022/9/24, 32, 20, 22, 8, 
2022/9/25, 51, 9, 22, , 
2022/9/26, 15, 8, 20, 9, 
2022/9/27, 19, 6, 19, , 
2022/9/28, 10, 5, 17, , 
2022/9/29, 10, 9, 20, 9, 
2022/9/30, 20, 12, 18, 5, 
2022/4/1, 7, 12, 24, 8, 
2022/4/2, 6, 13, 25, 8, 
2022/4/3, 11, 11, 26, 4, 
2022/4/4, 17, 13, 25, 3, 
2022/4/5, 12, 12, 19, 8, 
2022/4/6, 17, 9, 26, 10, 
2022/4/7, 19, 11, 26, 1, 
2022/4/8, 11, 18, 28, , 
2022/4/9, 13, 18, 27, , 
2022/4/10, 16, 19, 25, , 
2022/4/11, 14, 22, 27, 4, 
2022/4/12, 21, 30, 25, 9, 
2022/4/13, 49, 34, 21, 10, 
2022/4/14, 70, 11, 21, 11, 
2022/4/15, 26, 13, 23, 8, 
2022/4/16, 27, 14, 28, 9, 
2022/4/17, 31, 19, 23, 16, 
2022/4/18, 39, 17, 25, 9, 
2022/4/19, 22, 19, 24, 13, 
2022/4/20, 24, 17, 25, 3, 
2022/4/21, 22, 15, 24, 3, 
2022/4/22, 15, 14, 25, 2, 
2022/4/23, 27, 11, 26, , 
2022/4/24, 17, 14, 24, , 
2022/4/25, 17, 16, 27, 9, 
2022/4/26, 22, 21, 24, 7, 
2022/4/27, 41, 16, 24, , 
2022/4/28, 26, 21, 24, 17, 
2022/4/29, 32, 19, 24, , 
2022/4/30, 36, 23, 27, 8, 
2022/5/1, 45, 23, 27, 12, 
2022/5/2, 33, 21, 25, 8, 
2022/5/3, 34, 26, 25, 8, 
2022/5/4, 43, 25, 26, 5, 
2022/5/5, 47, 16, 23, 5, 
2022/5/6, 26, 22, 26, , 
2022/5/7, 43, 17, 25, 5, 
2022/5/8, 28, 13, 24, 4, 
2022/5/9, 21, 22, 27, 2, 
2022/5/10, 37, 18, 23, 8, 
2022/5/11, 38, 11, 22, 4, 
2022/5/12, 24, 15, 25, 3, 
2022/5/13, 27, 5, 26, 2, 
2022/5/14, 26, 1, 29, , 
2022/5/15, 20, 2, 23, , 
2022/5/16, 27, 6, 22, 5, 
2022/5/17, 35, 12, 26, 5, 
2022/5/19, 119, 24, 24, 6, 
2022/5/20, 131, 11, 31, , 
2022/5/21, 148, , , , 
2022/5/23, 61, 12, 28, 6, 
2022/5/24, 33, 9, 25, 3, 
2022/5/25, 17, 10, 25, 2, 
2022/5/26, 19, 9, 24, 2, 
2022/5/27, 8, 6, 25, 1, 
2022/5/28, 9, 11, 22, 6, 
2022/5/29, 24, 9, 20, 7, 
2022/5/30, 23, 7, 22, 2, 
2022/5/31, 18, 9, 26, , 
2022/6/1, 23, 9, 22, , 
2022/6/2, 17, 11, 22, 6, 
2022/6/3, 26, 12, 25, 10, 
2022/6/4, 31, 10, 24, 8, 
2022/6/5, 26, 11, 25, 2, 
2022/6/6, 32, 13, 24, , 
2022/6/7, 34, 9, 24, , 
2022/6/8, 22, 13, 25, 8, 
2022/6/9, 34, 9, 23, 6, 
2022/6/10, 21, 14, 25, , 
2022/6/11, 35, 13, 22, 3, 
2022/6/12, 25, 11, 24, 4, 
2022/6/13, 20, 9, 21, , 
2022/6/14, 16, 11, 20, 6, 
2022/6/15, 19, 12, 23, 5, 
2022/6/16, 19, 13, 29, , 
2022/6/17, 30, 14, 27, 6, 
2022/6/18, 34, 8, 20, 6, 
2022/6/19, 23, 9, 20, , 
2022/6/20, 21, 10, 19, 4, 
2022/6/21, 22, 11, 15, 5, 
2022/6/22, 25, 8, 15, , 
2022/6/23, 19, 14, 28, 5, 
2022/6/24, 41, 18, 29, 3, 
2022/6/25, 52, 21, 28, , 
2022/6/26, 59, 26, 28, 9, 
2022/6/27, 60, 12, 19, 4, 
2022/6/28, 26, 13, 23, , 
2022/6/29, 29, 13, 17, 7, 
2022/6/30, 32, 12, 23, , 
2022/1/3, 16, 11, 27, 11, 
2022/1/4, 9, 8, 21, 6, 
2022/1/5, 7, 10, 21, 7, 
2022/1/6, 5, 16, 14, 10, 
2022/1/7, 30, 14, 21, 7, 
2022/1/8, 28, 17, 20, 7, 
2022/1/9, 38, 28, 17, 9, 
2022/1/10, 70, 31, 18, 13, 
2022/1/11, 76, 22, 22, 11, 
2022/1/12, 45, 11, 24, 7, 
2022/1/13, 13, 20, 25, 6, 
2022/1/14, 18, 21, 17, 12, 
2022/1/15, 24, 20, 25, 8, 
2022/1/16, 40, 19, 28, 5, 
2022/1/17, 16, 13, 20, 12, 
2022/1/18, 14, 20, 21, 8, 
2022/1/19, 45, 15, 28, 4, 
2022/1/20, 12, 14, 24, 7, 
2022/1/21, 9, 18, 19, 12, 
2022/1/22, 13, 9, 21, 7, 
2022/1/23, 19, 10, 21, 7, 
2022/1/24, 16, 15, 20, 10, 
2022/1/25, 20, 14, 22, 6, 
2022/1/26, 24, 14, 28, 5, 
2022/1/27, 15, 18, 27, 9, 
2022/1/28, 10, 15, 28, 5, 
2022/1/29, 18, 24, 29, 3, 
2022/1/30, 22, 24, 22, 13, 
2022/1/31, 19, 11, 27, 8, 
2022/2/1, 11, 9, 22, 11, 
2022/2/2, 9, 16, 22, 10, 
2022/2/3, 27, 18, 31, 9, 
2022/2/4, 49, 13, 27, 5, 
2022/2/5, 13, 7, 27, 7, 
2022/2/6, 9, 14, 26, 6, 
2022/2/7, 14, 15, 24, 6, 
2022/2/8, 17, 11, 23, 7, 
2022/2/9, 14, 18, 24, 8, 
2022/2/10, 17, 15, 24, 8, 
2022/2/11, 12, 15, 24, 7, 
2022/2/12, 16, 18, 22, 6, 
2022/2/13, 30, 21, 20, 10, 
2022/2/14, 39, 18, 22, 8, 
2022/2/15, 22, 14, 25, 7, 
2022/2/16, 26, 11, 28, 5, 
2022/2/17, 9, 16, 29, 6, 
2022/2/18, 13, 9, 27, 3, 
2022/2/19, 6, 9, 25, 4, 
2022/2/20, 8, 10, 30, 3, 
2022/2/21, 10, 15, 26, 7, 
2022/2/22, 10, 22, 28, 7, 
2022/2/23, 20, 17, 24, 8, 
2022/2/24, 25, 9, 26, 7, 
2022/2/25, 8, 14, 20, 11, 
2022/2/26, 10, 13, 21, 12, 
2022/2/27, 14, 15, 21, 13, 
2022/2/28, 22, 29, 21, 12, 
2022/3/1, 48, 32, 22, 14, 
2022/3/2, 60, 22, 21, 6, 
2022/3/3, 26, 17, 23, 12, 
2022/3/4, 19, 17, 22, 10, 
2022/3/5, 16, 16, 25, , 
2022/3/6, 19, 18, 20, , 
2022/3/7, 11, 23, 17, 14, 
2022/3/8, 31, 25, 21, 11, 
2022/3/9, 32, 22, 25, 7, 
2022/3/10, 26, 29, 25, 11, 
2022/3/11, 32, 23, 25, , 
2022/3/12, 35, 28, 31, , 
2022/3/13, 52, 42, 29, 8, 
2022/3/14, 77, 39, 21, 10, 
2022/3/15, 74, 30, 20, 12, 
2022/3/16, 58, 40, 24, 4, 
2022/3/17, 95, 26, 18, 7, 
2022/3/18, 22, 13, 21, 4, 
2022/3/19, 12, 21, 29, 4, 
2022/3/20, 44, 40, 27, 10, 
2022/3/21, 65, 46, 22, 12, 
2022/3/22, 72, 57, 23, 23, 
2022/3/23, 87, 55, 24, 21, 
2022/3/24, 92, 48, 26, 14, 
2022/3/25, 73, 18, 25, , 
2022/3/26, 26, 18, 23, 5, 
2022/3/27, 18, 25, 27, 5, 
2022/3/28, 27, 25, 22, 7, 
2022/3/29, 19, 12, 23, 3, 
2022/3/30, 11, 15, 23, 7, 
2022/3/31, 10, 13, 25, 5, 
2021/10/1, 16, 12, 21, 9, 
2021/10/2, 28, 17, 25, 6, 
2021/10/3, 47, 10, 26, 9, 
2021/10/4, 19, 10, 21, 9, 
2021/10/5, 19, 11, 19, 10, 
2021/10/6, 23, 13, 15, 12, 
2021/10/7, 34, 12, 16, 11, 
2021/10/8, 31, 23, 22, 10, 
2021/10/9, 56, 19, 24, 11, 
2021/10/10, 51, 13, 28, 6, 
2021/10/11, 21, 7, 27, 5, 
2021/10/12, 4, 6, 26, 11, 
2021/10/13, 6, 7, 27, 6, 
2021/10/14, 6, 11, 26, 6, 
2021/10/15, 14, 10, 27, 4, 
2021/10/16, 8, 7, 27, 6, 
2021/10/17, 8, 7, 22, 8, 
2021/10/18, 8, 14, 16, 10, 
2021/10/19, 17, 15, 27, 7, 
2021/10/20, 10, 9, 30, 7, 
2021/10/21, 9, 7, 30, 5, 
2021/10/22, 6, 11, 26, 6, 
2021/10/23, 8, 10, 24, 8, 
2021/10/24, 11, 15, 18, 11, 
2021/10/25, 35, 16, 21, 9, 
2021/10/26, 35, 7, 22, 6, 
2021/10/27, 27, 1, 21, 9, 
2021/10/28, 36, 15, 14, 11, 
2021/10/29, 55, 28, 22, 10, 
2021/10/30, 76, 20, 19, 8, 
2021/10/31, 58, 18, 22, 11, 
2021/11/1, 45, 16, 11, 14, 
2021/11/2, 30, 23, 7, 16, 
2021/11/3, 44, 15, 19, 10, 
2021/11/4, 37, 6, 24, 5, 
2021/11/5, 6, 11, 26, 5, 
2021/11/6, 14, 9, 25, 4, 
2021/11/7, 16, 4, 19, 6, 
2021/11/8, 3, 9, 15, 8, 
2021/11/9, 11, 18, 15, 10, 
2021/11/10, 38, 15, 20, 9, 
2021/11/11, 32, 14, 19, 12, 
2021/11/12, 12, 26, 17, 7, 
2021/11/13, 74, 16, 19, 6, 
2021/11/14, 44, 13, 21, 6, 
2021/11/15, 31, 21, 14, 11, 
2021/11/16, 58, 12, 19, 9, 
2021/11/17, 31, 8, 27, 6, 
2021/11/18, 9, 11, 27, 5, 
2021/11/19, 13, 12, 31, 4, 
2021/11/20, 12, 6, 29, 6, 
2021/11/21, 5, 7, 20, 10, 
2021/11/22, 5, 12, 27, 11, 
2021/11/23, 11, 6, 28, 8, 
2021/11/24, 4, 10, 25, 9, 
2021/11/25, 23, 9, 24, 11, 
2021/11/26, 5, 4, 18, 7, 
2021/11/27, 8, 4, 20, 6, 
2021/11/28, 7, 4, 17, 10, 
2021/11/29, 7, 6, 19, 12, 
2021/11/30, 8, 5, 19, 11, 
2021/12/1, 6, 4, 22, 9, 
2021/12/2, 3, 6, 25, 10, 
2021/12/3, 9, 8, 23, 7, 
2021/12/4, 11, 5, 23, 4, 
2021/12/5, 5, 7, 18, 7, 
2021/12/6, 7, 11, 26, 11, 
2021/12/7, 16, 19, 20, 8, 
2021/12/8, 54, 26, 15, 12, 
2021/12/9, 75, 21, 7, 11, 
2021/12/10, 64, 9, 6, 12, 
2021/12/11, 32, 11, 10, 11, 
2021/12/12, 33, 11, 12, 13, 
2021/12/13, 31, 10, 15, 13, 
2021/12/14, 23, 13, 22, 9, 
2021/12/15, 29, 17, 23, 8, 
2021/12/16, 21, 17, 20, 10, 
2021/12/17, 18, 6, 20, 7, 
2021/12/18, 11, 10, 25, 5, 
2021/12/19, 11, 5, 24, 13, 
2021/12/20, 8, 6, 16, 12, 
2021/12/21, 11, 19, 14, 14, 
2021/12/22, 38, 14, 10, 15, 
2021/12/23, 37, 13, 24, 8, 
2021/12/24, 14, 9, 26, 9, 
2021/12/25, 4, 12, 20, 15, 
2021/12/26, 26, 11, 22, 12, 
2021/12/27, 19, 35, 20, 10, 
2021/12/28, 85, 44, 10, 14, 
2021/12/29, 102, 19, 10, 10, 
2021/12/30, 45, 6, 17, 7, 
2021/12/31, 13, 20, 22, 7, 
2022/1/1, 47, 12, 16, 7, 
2022/1/2, 32, 14, 26, 6, 
2021/7/1, 39, 9, 14, 7, 
2021/7/2, 42, 16, 20, 7, 
2021/7/3, 52, 14, 22, 6, 
2021/7/4, 51, 17, 23, 7, 
2021/7/5, 56, 14, 23, 7, 
2021/7/6, 40, 13, 21, 7, 
2021/7/7, 38, 13, 20, 7, 
2021/7/8, 42, 15, 23, 7, 
2021/7/9, 43, 9, 22, 3, 
2021/7/10, 37, 10, 24, 4, 
2021/7/11, 37, 14, 28, 4, 
2021/7/12, 49, 14, 30, 5, 
2021/7/13, 52, 22, 31, 6, 
2021/7/14, 68, 23, 35, 7, 
2021/7/15, 70, 19, 26, 6, 
2021/7/16, 66, 17, 21, 4, 
2021/7/17, 61, 16, 20, 1, 
2021/7/18, 44, 13, 18, 4, 
2021/7/19, 43, 13, 20, 3, 
2021/7/20, 42, 12, 21, 3, 
2021/7/21, 36, 14, 22, 5, 
2021/7/22, 45, 18, 25, 5, 
2021/7/23, 53, 17, 31, 5, 
2021/7/24, 53, 13, 26, 2, 
2021/7/25, 45, 20, 34, 5, 
2021/7/26, 63, 22, 33, 8, 
2021/7/27, 68, 14, 28, 7, 
2021/7/28, 53, 13, 26, 4, 
2021/7/29, 40, 14, 27, 3, 
2021/7/30, 41, 12, 22, 4, 
2021/7/31, 45, 10, 22, 3, 
2021/8/1, 32, 10, 22, 3, 
2021/8/2, 33, 11, 21, 5, 
2021/8/3, 32, 11, 24, 7, 
2021/8/4, 34, 13, 26, 6, 
2021/8/5, 37, 14, 24, 4, 
2021/8/6, 39, 11, 25, 5, 
2021/8/7, 41, 10, 23, 4, 
2021/8/8, 39, 14, 20, 7, 
2021/8/9, 45, 13, 20, 8, 
2021/8/10, 29, 12, 21, 7, 
2021/8/11, 18, 14, 26, 9, 
2021/8/12, 18, 16, 35, 8, 
2021/8/13, 25, 17, 20, 3, 
2021/8/14, 22, 14, 23, 3, 
2021/8/15, 18, 9, 26, 6, 
2021/8/16, 10, 8, 21, 6, 
2021/8/17, 8, 10, 24, 4, 
2021/8/18, 10, 10, 25, 4, 
2021/8/19, 11, 11, 24, 6, 
2021/8/20, 10, 9, 24, 6, 
2021/8/21, 9, 10, 22, 8, 
2021/8/22, 15, 11, 21, 10, 
2021/8/23, 13, , , , 
2021/8/26, 4, 7, 16, 7, 
2021/8/27, 9, 6, 13, 5, 
2021/8/28, 8, 14, 19, 5, 
2021/8/29, 24, 15, 18, 9, 
2021/8/30, 26, 14, 28, 8, 
2021/8/31, 20, 13, 22, 10, 
2021/9/1, 18, 12, 28, 12, 
2021/9/2, 16, 17, 27, 7, 
2021/9/3, 26, 11, 28, 5, 
2021/9/4, 15, 7, 26, 6, 
2021/9/5, 7, 12, 29, 9, 
2021/9/6, 13, 21, 28, 12, 
2021/9/7, 38, 19, 30, 11, 
2021/9/8, 37, 30, 40, 14, 
2021/9/9, 60, 29, 37, 13, 
2021/9/10, 56, 26, 27, 8, 
2021/9/11, 56, 14, 29, 5, 
2021/9/12, 24, 13, 28, 8, 
2021/9/13, 13, 13, 25, 12, 
2021/9/14, 13, 13, 27, 6, 
2021/9/15, 15, 13, 25, 8, 
2021/9/16, 16, 8, 17, 7, 
2021/9/17, 3, 9, 18, 5, 
2021/9/18, 9, 7, 20, 4, 
2021/9/19, 8, 11, 20, 8, 
2021/9/20, 14, 11, 23, 15, 
2021/9/21, 15, 17, 26, 8, 
2021/9/22, 30, 10, 33, 5, 
2021/9/23, 28, 15, 31, 5, 
2021/9/24, 15, 11, 25, 5, 
2021/9/25, 13, 12, 26, 10, 
2021/9/26, 17, 14, 22, 7, 
2021/9/27, 32, 15, 23, 10, 
2021/9/28, 29, 14, 19, 12, 
2021/9/29, 28, 6, 27, 5, 
2021/9/30, 8, 9, 25, 7, 
2021/4/1, 54, 10, 23, 6, 
2021/4/2, 35, 5, 27, 6, 
2021/4/3, 25, 11, 29, 5, 
2021/4/4, 37, 11, 28, 3, 
2021/4/5, 30, 19, 22, 6, 
2021/4/6, 34, 15, 23, 9, 
2021/4/7, 31, 12, 24, 7, 
2021/4/8, 29, 22, 27, 7, 
2021/4/9, 56, 12, 27, 6, 
2021/4/10, 32, 13, 24, 9, 
2021/4/11, 50, 10, 29, 7, 
2021/4/12, 34, 11, 27, 7, 
2021/4/13, 30, 12, 26, 9, 
2021/4/14, 32, 19, 21, 12, 
2021/4/15, 37, 14, 21, 11, 
2021/4/16, 34, 15, 24, 9, 
2021/4/17, 37, 16, 30, 8, 
2021/4/18, 44, 17, 29, 8, 
2021/4/19, 44, 24, 23, 12, 
2021/4/20, 49, 33, 28, 9, 
2021/4/21, 50, 20, 27, 4, 
2021/4/22, 28, 13, 26, 6, 
2021/4/23, 29, 8, 26, 4, 
2021/4/24, 28, 7, 26, 3, 
2021/4/25, 23, 8, 25, 6, 
2021/4/26, 24, 13, 22, 10, 
2021/4/27, 30, 19, 17, 11, 
2021/4/28, 47, 27, 22, 7, 
2021/4/29, 59, 14, 24, 9, 
2021/4/30, 46, 12, 27, 9, 
2021/5/1, 45, 8, 28, 6, 
2021/5/2, 38, 14, 24, 13, 
2021/5/3, 52, 13, 24, 10, 
2021/5/4, 48, 4, 26, 7, 
2021/5/5, 27, 5, 24, 6, 
2021/5/6, 26, 6, 24, 7, 
2021/5/7, 28, 10, 27, 5, 
2021/5/8, 39, 12, 26, 7, 
2021/5/9, 46, 17, 28, 11, 
2021/5/10, 53, 12, 20, 9, 
2021/5/11, 42, 15, 16, 8, 
2021/5/12, 51, 16, 20, 7, 
2021/5/13, 60, 15, 24, 10, 
2021/5/14, 48, 13, 23, 6, 
2021/5/15, 49, 11, 24, 6, 
2021/5/16, 51, 11, 25, 9, 
2021/5/17, 45, 14, 24, 9, 
2021/5/18, 49, 9, 23, 7, 
2021/5/19, 39, 9, 25, 5, 
2021/5/20, 39, 11, 22, 8, 
2021/5/21, 44, 8, 21, 5, 
2021/5/22, 33, 7, 24, 3, 
2021/5/23, 32, 11, 28, 7, 
2021/5/24, 40, 7, 23, 17, 
2021/5/25, 53, 4, 22, 8, 
2021/5/26, 41, 5, 20, 9, 
2021/5/27, 37, 11, 20, 6, 
2021/5/28, 36, 14, 22, 4, 
2021/5/29, 50, 14, 21, 8, 
2021/5/30, 50, 19, 26, 9, 
2021/5/31, 54, 18, 23, 7, 
2021/6/1, 52, 16, 30, 5, 
2021/6/2, 52, 18, 28, 5, 
2021/6/3, 52, 18, 23, 8, 
2021/6/4, 56, 16, 27, 6, 
2021/6/5, 53, 16, 29, 8, 
2021/6/6, 54, 22, 25, 11, 
2021/6/7, 60, 16, 21, 6, 
2021/6/8, 53, 17, 28, 8, 
2021/6/9, 52, 19, 35, 9, 
2021/6/10, 57, 22, 25, 8, 
2021/6/11, 56, 22, 22, 3, 
2021/6/12, 44, 15, 20, 2, 
2021/6/13, 38, 17, 32, 6, 
2021/6/14, 48, 14, 23, 4, 
2021/6/15, 41, 14, 23, 7, 
2021/6/16, 46, 21, 37, 7, 
2021/6/17, 60, 25, 38, 10, 
2021/6/18, 78, 25, 39, 7, 
2021/6/19, 77, 18, 34, 5, 
2021/6/20, 64, 12, 25, 6, 
2021/6/21, 46, 16, 24, 4, 
2021/6/22, 47, 15, 19, 5, 
2021/6/23, 39, 16, 22, 6, 
2021/6/24, 47, 13, 26, 4, 
2021/6/25, 44, 12, 24, 4, 
2021/6/26, 42, 10, 25, 4, 
2021/6/27, 39, 14, 26, 7, 
2021/6/28, 42, 17, 26, 9, 
2021/6/29, 49, 17, 22, 10, 
2021/6/30, 54, 11, 12, 5, 
2021/1/4, 18, 6, 9, 7, 
2021/1/5, 21, 2, 11, 5, 
2021/1/6, 18, 2, 6, 7, 
2021/1/7, 20, 3, 4, 8, 
2021/1/8, 27, 3, 9, 6, 
2021/1/9, 31, 5, 15, 5, 
2021/1/10, 37, 6, 19, 7, 
2021/1/11, 33, 4, 22, 10, 
2021/1/12, 23, 5, 22, 9, 
2021/1/13, 22, 4, 13, 8, 
2021/1/14, 34, 16, 14, 11, 
2021/1/15, 32, 5, 16, 9, 
2021/1/16, 29, 5, 12, 11, 
2021/1/17, 37, 11, 15, 11, 
2021/1/18, 54, 6, 16, 12, 
2021/1/19, 35, 5, 15, 9, 
2021/1/20, 35, 5, 19, 8, 
2021/1/21, 28, 2, 19, 6, 
2021/1/22, 22, , , , 
2021/1/24, 72, 8, 10, 12, 
2021/1/25, 49, 9, 20, 10, 
2021/1/26, 34, 11, 16, 12, 
2021/1/27, 50, 6, 18, 7, 
2021/1/28, 27, 2, 17, 7, 
2021/1/29, 20, , , , 
2021/2/1, 42, 24, 17, 13, 
2021/2/2, 57, 11, 17, 6, 
2021/2/3, 49, 5, 16, 9, 
2021/2/4, 31, 12, 15, 8, 
2021/2/5, 32, 13, 21, 6, 
2021/2/6, 36, 4, 27, 4, 
2021/2/7, 26, 8, 25, 5, 
2021/2/8, 25, 31, 25, 6, 
2021/2/9, 29, 32, 24, 9, 
2021/2/10, 31, 29, 19, 12, 
2021/2/11, 38, 23, 18, 15, 
2021/2/12, 37, 10, 20, 11, 
2021/2/13, 39, 15, 17, 14, 
2021/2/14, 62, 19, 22, 15, 
2021/2/15, 57, 12, 21, 14, 
2021/2/16, 58, 17, 13, 10, 
2021/2/17, 73, 26, 18, 11, 
2021/2/18, 95, 18, 14, 12, 
2021/2/19, 59, 16, 14, 12, 
2021/2/20, 48, 22, 11, 14, 
2021/2/21, 64, 29, 10, 18, 
2021/2/22, 82, 28, 9, 17, 
2021/2/23, 74, 31, 16, 14, 
2021/2/24, 67, 35, 20, 10, 
2021/2/25, 70, 17, 22, 5, 
2021/2/26, 42, 14, 19, 8, 
2021/2/27, 42, 14, 21, 7, 
2021/2/28, 45, 12, 12, 14, 
2021/3/1, 51, 8, 20, 9, 
2021/3/2, 44, 10, 17, 11, 
2021/3/3, 41, 19, 17, 10, 
2021/3/4, 42, 15, 20, 10, 
2021/3/5, 29, 12, 26, 6, 
2021/3/6, 38, 11, 26, 4, 
2021/3/7, 33, 19, 19, 15, 
2021/3/8, 29, 18, 17, 17, 
2021/3/9, 38, 24, 24, 17, 
2021/3/10, 56, 12, 23, 7, 
2021/3/11, 50, 13, 24, 6, 
2021/3/12, 41, 6, 23, 7, 
2021/3/13, 34, 7, 24, 4, 
2021/3/14, 32, 10, 22, 8, 
2021/3/15, 33, 12, 20, 8, 
2021/3/16, 31, 19, 20, 12, 
2021/3/17, 44, 15, 22, 12, 
2021/3/18, 32, 11, 19, 8, 
2021/3/19, 26, 8, 22, 6, 
2021/3/20, 33, 6, 26, 4, 
2021/3/21, 29, 13, 22, 10, 
2021/3/22, 35, 14, 23, 9, 
2021/3/23, 43, 30, 19, 10, 
2021/3/24, 73, 32, 19, 11, 
2021/3/25, 75, 33, 20, 12, 
2021/3/26, 79, 29, 24, 8, 
2021/3/27, 84, 14, 25, 6, 
2021/3/28, 44, 16, 22, 8, 
2021/3/29, 53, 26, 20, 8, 
2021/3/30, 60, 25, 26, 12, 
2021/3/31, 62, 20, 23, 10, 
2020/10/1, 56, 51, 20, 5, 
2020/10/2, 66, 25, 19, 4, 
2020/10/3, 61, 16, 16, 11, 
2020/10/4, 49, 10, 18, 13, 
2020/10/5, 31, 10, 16, 12, 
2020/10/6, 33, 10, 19, 13, 
2020/10/7, 30, 11, 19, 10, 
2020/10/8, 28, 10, 19, 11, 
2020/10/9, 23, 7, 20, 10, 
2020/10/10, 22, 8, 21, 12, 
2020/10/11, 22, 14, 10, 16, 
2020/10/12, 38, 12, 13, 19, 
2020/10/13, 29, 8, 16, 8, 
2020/10/14, 21, 8, 16, 12, 
2020/10/15, 23, 11, 10, 14, 
2020/10/16, 26, 6, 18, 9, 
2020/10/17, 20, 6, 21, 6, 
2020/10/18, 20, 11, 15, 13, 
2020/10/19, 23, 16, 14, 15, 
2020/10/20, 51, 23, 14, 12, 
2020/10/21, 62, 13, 18, 9, 
2020/10/22, 33, 14, 19, 9, 
2020/10/23, 32, 16, 16, 11, 
2020/10/24, 46, 8, 14, 8, 
2020/10/25, 31, 8, 14, 12, 
2020/10/26, 28, 12, 14, 11, 
2020/10/27, 37, 12, 14, 10, 
2020/10/28, 30, 9, 15, 12, 
2020/10/29, 29, 9, 14, 13, 
2020/10/30, 28, 7, 10, 11, 
2020/10/31, 30, 12, 13, 8, 
2020/11/1, 40, 8, 20, 5, 
2020/11/2, 27, 15, 21, 9, 
2020/11/3, 28, 12, 20, 6, 
2020/11/4, 28, 11, 20, 4, 
2020/11/5, 25, 12, 20, 10, 
2020/11/6, 29, 9, 12, 11, 
2020/11/7, 37, 16, 16, 14, 
2020/11/8, 54, 12, 17, 9, 
2020/11/9, 46, 20, 15, 7, 
2020/11/10, 67, 27, 11, 9, 
2020/11/11, 83, 26, 9, 8, 
2020/11/12, 74, 18, 12, 14, 
2020/11/13, 53, 24, 8, 12, 
2020/11/14, 60, 18, 12, 8, 
2020/11/15, 58, 14, 17, 10, 
2020/11/16, 37, 11, 20, 7, 
2020/11/17, 29, 120, 17, 7, 
2020/11/18, 38, 90, 25, 5, 
2020/11/19, 30, 10, 23, 9, 
2020/11/20, 23, 7, 23, 7, 
2020/11/21, 36, 9, 22, 3, 
2020/11/22, 27, 10, 20, 5, 
2020/11/23, 28, 16, 16, 10, 
2020/11/24, 51, 20, 9, 12, 
2020/11/25, 65, 20, 15, 12, 
2020/11/26, 65, 12, 13, 11, 
2020/11/27, 37, 5, 10, 8, 
2020/11/28, 27, 5, 10, 8, 
2020/11/29, 24, 6, 10, 14, 
2020/11/30, 33, 16, 10, 12, 
2020/12/1, 64, 27, 7, 12, 
2020/12/2, 84, 33, 9, 10, 
2020/12/3, 102, 24, 9, 10, 
2020/12/4, 80, 21, 10, 11, 
2020/12/5, 77, 18, 13, 9, 
2020/12/6, 72, 18, 12, 7, 
2020/12/7, 68, 25, 7, 9, 
2020/12/8, 84, 25, 9, 8, 
2020/12/9, 85, 21, 12, 8, 
2020/12/10, 79, 19, 11, 8, 
2020/12/11, 70, 19, 11, 10, 
2020/12/12, 69, 11, 11, 8, 
2020/12/13, 54, 14, 8, 10, 
2020/12/14, 57, 10, 5, 20, 
2020/12/15, 53, 11, 15, 26, 
2020/12/16, 46, 14, 14, 18, 
2020/12/17, 61, 14, 13, 21, 
2020/12/18, 46, 12, 9, 19, 
2020/12/19, 53, 10, 5, 19, 
2020/12/20, 55, 16, 10, 16, 
2020/12/21, 57, 7, 20, 7, 
2020/12/22, 37, 10, 20, 12, 
2020/12/23, 33, 8, 12, 8, 
2020/12/24, 34, 2, 18, 5, 
2020/12/25, 18, 5, 18, 8, 
2020/12/26, 32, 5, 19, 3, 
2020/12/27, 32, 9, 18, 7, 
2020/12/28, 44, 12, 10, 8, 
2020/12/29, 62, 9, 12, 9, 
2020/12/30, 48, 9, 16, 6, 
2020/12/31, 49, 10, 15, 7, 
2021/1/1, 58, 9, 8, 10, 
2021/1/2, 49, 5, 14, 7, 
2021/1/3, 37, 2, 14, 6, 
2020/7/1, 14, 10, 22, 7, 
2020/7/2, 10, 7, 20, 8, 
2020/7/6, 8, 10, 17, 4, 
2020/7/7, 18, 8, 18, 5, 
2020/7/8, 27, 8, 17, 7, 
2020/7/9, 32, 8, 18, 15, 
2020/7/10, 29, 8, 18, 3, 
2020/7/11, 22, 8, 17, 3, 
2020/7/12, 27, 9, 18, 7, 
2020/7/13, 26, 13, 27, 15, 
2020/7/14, 38, 11, 20, 10, 
2020/7/15, 36, 7, 19, 7, 
2020/7/16, 24, 8, 20, 8, 
2020/7/17, 26, 10, 25, 16, 
2020/7/18, 33, 14, 27, 11, 
2020/7/19, 42, 13, 20, 6, 
2020/7/20, 34, 10, 20, 4, 
2020/7/21, 22, 11, 20, 5, 
2020/7/22, 21, 8, 21, 7, 
2020/7/23, 19, 10, 21, 8, 
2020/7/24, 31, 7, 22, 7, 
2020/7/25, 22, 10, 19, 8, 
2020/7/26, 36, 10, 19, 9, 
2020/7/27, 29, 12, 21, 7, 
2020/7/28, 33, 10, 19, 3, 
2020/7/29, 22, 8, 18, 4, 
2020/7/30, 20, 9, 18, 7, 
2020/7/31, 23, 11, 17, 15, 
2020/8/1, 35, 9, 17, 6, 
2020/8/2, 30, 8, 17, 9, 
2020/8/3, 25, 9, 19, 8, 
2020/8/4, 23, 12, 30, 14, 
2020/8/5, 31, 18, 34, 20, 
2020/8/6, 44, 18, 30, 17, 
2020/8/7, 46, 20, 30, 12, 
2020/8/8, 48, 21, 28, 17, 
2020/8/9, 52, 24, 27, 13, 
2020/8/10, 54, 11, 19, 6, 
2020/8/11, 27, 12, 18, 8, 
2020/8/12, 30, 12, 19, 11, 
2020/8/13, 30, 18, 25, 16, 
2020/8/14, 37, 25, 36, 18, 
2020/8/15, 55, 27, 36, 17, 
2020/8/16, 58, 26, 26, 18, 
2020/8/17, 56, 24, , 16, 
2020/8/18, 55, 19, , 16, 
2020/8/19, 49, 18, , 20, 
2020/8/20, 45, 18, 21, 16, 
2020/8/21, 50, 15, 24, 10, 
2020/8/22, 41, 10, 23, 4, 
2020/8/23, 25, 10, 19, 8, 
2020/8/24, 23, 9, 20, 11, 
2020/8/25, 21, 9, 20, 10, 
2020/8/26, 27, 9, 15, 13, 
2020/8/27, 26, 9, 18, 11, 
2020/8/28, 33, 10, 22, 13, 
2020/8/29, 37, 9, 22, 13, 
2020/8/30, 30, 8, 17, 9, 
2020/8/31, 24, 9, 14, 12, 
2020/9/1, 24, 10, 13, 11, 
2020/9/2, 30, 10, 26, 12, 
2020/9/3, 31, 9, 22, 8, 
2020/9/4, 29, 11, 22, 4, 
2020/9/5, 26, 8, 18, 3, 
2020/9/6, 22, 9, 21, 6, 
2020/9/7, 22, 8, 18, 8, 
2020/9/8, 29, 11, 16, 7, 
2020/9/9, 33, 12, 17, 9, 
2020/9/10, 27, 13, 23, 21, 
2020/9/11, 29, 17, 24, 11, 
2020/9/12, 44, 16, 19, 6, 
2020/9/13, 35, 38, 19, 18, 
2020/9/14, 42, 27, 28, 34, 
2020/9/15, 65, 28, 19, 18, 
2020/9/16, 71, 9, 17, 14, 
2020/9/17, 18, 12, 19, 19, 
2020/9/18, 29, 14, 15, 17, 
2020/9/19, 38, 14, 14, 15, 
2020/9/20, 45, 17, 18, 17, 
2020/9/21, 54, 26, 27, 25, 
2020/9/22, 62, 41, 30, 31, 
2020/9/23, 84, 29, 34, 21, 
2020/9/24, 65, 13, 19, 20, 
2020/9/25, 39, 10, 22, 10, 
2020/9/26, 31, 36, 22, 6, 
2020/9/27, 65, 21, 16, 13, 
2020/9/28, 46, 14, 17, 19, 
2020/9/29, 47, 19, 19, 21, 
2020/9/30, 58, 27, 17, 10, 
2020/4/1, 37, 14, 33, 10, 
2020/4/2, 45, 15, 30, 9, 
2020/4/3, 33, 12, 26, 13, 
2020/4/4, 39, 18, 30, 17, 
2020/4/5, 57, 26, 31, 25, 
2020/4/6, 66, 23, 27, 22, 
2020/4/7, 58, 21, 22, 27, 
2020/4/8, 43, 18, 26, 14, 
2020/4/9, 44, 15, 28, 12, 
2020/4/10, 43, 14, 27, 14, 
2020/4/11, 45, 17, 31, 12, 
2020/4/12, 52, 12, 32, 4, 
2020/4/13, 29, 11, 32, 12, 
2020/4/14, 24, 24, 32, 11, 
2020/4/15, 47, 16, 30, 11, 
2020/4/16, 43, 17, 27, 21, 
2020/4/17, 39, 8, 29, 11, 
2020/4/18, 37, 8, 30, 10, 
2020/4/19, 42, 22, 25, 26, 
2020/4/20, 41, 16, 26, 20, 
2020/4/21, 40, 19, 27, 24, 
2020/4/22, 38, 23, 31, 32, 
2020/4/23, 47, 24, 33, 18, 
2020/4/24, 59, 8, 33, 7, 
2020/4/25, 33, 9, 33, 11, 
2020/4/26, 39, 15, 29, 19, 
2020/4/27, 44, 13, 30, 19, 
2020/4/28, 50, 9, 29, 9, 
2020/4/29, 43, 8, 30, 12, 
2020/4/30, 38, 9, 29, 18, 
2020/5/1, 45, 10, 27, 15, 
2020/5/2, 49, 11, 30, 9, 
2020/5/3, 48, 12, 31, 13, 
2020/5/4, 33, 8, 29, 13, 
2020/5/5, 24, 14, 33, 14, 
2020/5/6, 20, 25, 31, 15, 
2020/5/7, 30, 22, 36, 13, 
2020/5/8, 35, 16, 33, 13, 
2020/5/9, 31, 23, 32, 13, 
2020/5/10, 51, 16, 27, 11, 
2020/5/11, 11, 15, 30, 10, 
2020/5/12, 16, 13, 27, 19, 
2020/5/13, 7, 14, 31, 15, 
2020/5/14, 12, 11, 30, 9, 
2020/5/15, 8, 11, 31, 4, 
2020/5/16, 15, 8, 29, 4, 
2020/5/17, 12, 8, 25, 12, 
2020/5/18, 13, 15, 24, 8, 
2020/5/19, 27, , , , 
2020/5/27, 29, 12, 23, 12, 
2020/5/28, 57, 14, 26, 18, 
2020/5/29, 22, 13, 25, 16, 
2020/5/30, 23, 10, 23, 9, 
2020/5/31, 15, 12, 22, 17, 
2020/6/1, 29, 13, 21, 14, 
2020/6/2, 51, 13, 24, 10, 
2020/6/30, 18, 10, 24, 6, 
2020/1/1, 55, 21, 20, 7, 
2020/1/2, 67, 10, 26, 6, 
2020/1/3, 33, 9, 30, 2, 
2020/1/4, 12, 11, 21, 7, 
2020/1/5, 18, 8, 24, 3, 
2020/1/6, 27, 13, 20, 3, 
2020/1/7, 54, , , , 
2020/1/9, 17, 7, 14, 14, 
2020/1/10, 22, 7, 22, 6, 
2020/1/11, 17, 7, 21, 5, 
2020/1/12, 22, 9, 20, 9, 
2020/1/13, 19, 7, 17, 7, 
2020/1/14, 23, 7, 24, 6, 
2020/1/15, 12, 16, 27, 8, 
2020/1/16, 22, 17, 15, 9, 
2020/1/17, 46, 13, 25, 5, 
2020/1/18, 25, 13, 24, 8, 
2020/1/19, 10, 13, 23, 7, 
2020/1/20, 16, 12, 26, 5, 
2020/1/21, 15, 13, 29, 6, 
2020/1/22, 12, 6, 20, 10, 
2020/1/23, 16, 5, 19, 8, 
2020/1/24, 1, 4, 24, 6, 
2020/1/27, 58, 9, 18, 12, 
2020/1/28, 27, 7, 23, 6, 
2020/1/29, 9, 7, 25, 7, 
2020/1/30, 10, 9, 25, 7, 
2020/1/31, 15, 7, 27, 6, 
2020/2/1, 11, 10, 28, 3, 
2020/2/2, 10, 11, 23, 10, 
2020/2/3, 11, 8, 27, 5, 
2020/2/4, 11, 11, 24, 8, 
2020/2/5, 6, 11, 26, 6, 
2020/2/6, 11, 10, 22, 9, 
2020/2/7, 20, 13, 22, 7, 
2020/2/8, 40, 19, 29, 5, 
2020/2/9, 53, 8, 30, 4, 
2020/2/10, 15, 6, 30, 5, 
2020/2/11, 11, 9, 30, 4, 
2020/2/12, 14, 14, 28, 7, 
2020/2/13, 20, 19, 19, 12, 
2020/2/14, 38, 16, 19, 7, 
2020/2/15, 44, 6, 33, 4, 
2020/2/16, 18, 15, 33, 4, 
2020/2/17, 23, 14, 25, 5, 
2020/2/18, 24, 4, 25, 9, 
2020/2/19, 39, 10, 23, 6, 
2020/2/20, 48, 13, 27, 4, 
2020/2/21, 50, 7, 32, 3, 
2020/2/22, 50, 12, 31, 3, 
2020/2/23, 49, 13, 27, 7, 
2020/2/24, 47, 8, 27, 4, 
2020/2/25, 49, 5, 25, 7, 
2020/2/26, 41, 10, 22, 10, 
2020/2/27, 49, 11, 23, 8, 
2020/2/28, 48, 10, 23, 7, 
2020/2/29, 54, 9, 27, 5, 
2020/3/1, 53, 11, 22, 11, 
2020/3/2, 49, 22, 8, 14, 
2020/3/3, 74, 14, 21, 8, 
2020/3/4, 61, 16, 24, 9, 
2020/3/5, 53, 22, 24, 5, 
2020/3/6, 77, 14, 21, 8, 
2020/3/7, 61, 18, 21, 8, 
2020/3/8, 66, 14, 21, 12, 
2020/3/9, 57, 11, 24, 9, 
2020/3/10, 48, 13, 28, 6, 
2020/3/11, 45, 13, 28, 5, 
2020/3/12, 41, 10, 28, 7, 
2020/3/13, 38, 10, 27, 8, 
2020/3/14, 19, 12, 27, 5, 
2020/3/15, 36, 13, 24, 8, 
2020/3/16, 41, 16, 25, 8, 
2020/3/17, 40, 15, 21, 7, 
2020/3/18, 59, 13, 24, 8, 
2020/3/19, 39, 14, 23, 6, 
2020/3/20, 34, 5, 28, 4, 
2020/3/21, 24, 6, 25, 5, 
2020/3/22, 23, 9, 25, 10, 
2020/3/23, 29, 16, 27, 11, 
2020/3/24, 44, 25, 28, 11, 
2020/3/25, 65, 26, 31, 12, 
2020/3/26, 68, 29, 28, 12, 
2020/3/27, 73, 30, 31, 10, 
2020/3/28, 80, 7, 29, 3, 
2020/3/29, 33, 11, 26, 11, 
2020/3/30, 27, 13, 32, 19, 
2020/3/31, 32, 10, 33, 10, 
2019/10/1, 21, 9, 22, 8, 
2019/10/2, 20, 6, 11, 8, 
2019/10/3, 19, 6, 16, 6, 
2019/10/4, 18, 6, 18, 7, 
2019/10/5, 21, 7, 17, 7, 
2019/10/6, 24, 9, 15, 13, 
2019/10/7, 27, 11, 20, 10, 
2019/10/8, 38, 13, 18, 8, 
2019/10/9, 35, 11, 22, 6, 
2019/10/10, 30, 11, 19, 6, 
2019/10/11, 30, 6, 23, 5, 
2019/10/12, 26, 10, 18, 6, 
2019/10/13, 28, 11, 25, 6, 
2019/10/14, 30, 10, 17, 6, 
2019/10/15, 26, 15, 15, 9, 
2019/10/16, 41, 15, 12, 8, 
2019/10/17, 41, 10, 26, 9, 
2019/10/18, 40, 10, 22, 7, 
2019/10/19, 28, 13, 12, 9, 
2019/10/20, 41, 16, 9, 9, 
2019/10/21, 51, 16, 20, 6, 
2019/10/22, 53, 16, 27, 8, 
2019/10/23, 46, 22, 12, 8, 
2019/10/24, 68, 22, 17, 7, 
2019/10/25, 63, 13, 19, 5, 
2019/10/26, 36, 10, 26, 2, 
2019/10/27, 27, 8, 27, 8, 
2019/10/28, 20, 8, 15, 10, 
2019/10/29, 23, 10, 19, 17, 
2019/10/30, 26, 10, 23, 9, 
2019/10/31, 24, 14, 21, 11, 
2019/11/1, 41, 15, 9, 8, 
2019/11/2, 53, 11, 10, 10, 
2019/11/3, 37, 8, 19, 4, 
2019/11/4, 29, 6, 17, 7, 
2019/11/5, 20, 19, 16, 11, 
2019/11/6, 38, 14, 7, 9, 
2019/11/7, 42, 24, 7, 13, 
2019/11/8, 54, 24, 12, 7, 
2019/11/9, 56, 8, 16, 8, 
2019/11/10, 27, 14, 15, 8, 
2019/11/11, 48, 18, 14, 8, 
2019/11/12, 55, 18, 9, 11, 
2019/11/13, 50, 17, 10, 13, 
2019/11/14, 50, 13, 23, 3, 
2019/11/15, 43, 16, 10, 4, 
2019/11/16, 57, 16, 16, 9, 
2019/11/17, 54, 22, 12, 5, 
2019/11/18, 65, 14, 19, 7, 
2019/11/19, 47, 14, 17, 4, 
2019/11/20, 37, , , , 
2019/11/22, 62, 22, 7, 3, 
2019/11/23, 70, 16, 14, 1, 
2019/11/24, 56, 21, 10, 5, 
2019/11/25, 67, 31, 7, 9, 
2019/11/26, 84, 18, 6, 9, 
2019/11/27, 55, 8, 11, 8, 
2019/11/28, 25, 3, 23, 4, 
2019/11/29, 5, 5, 21, 9, 
2019/11/30, 10, 6, 22, 7, 
2019/12/1, 136, 5, 23, 10, 
2019/12/2, 155, 4, 19, 15, 
2019/12/3, 15, 11, 24, 7, 
2019/12/4, 21, 21, 17, 9, 
2019/12/5, 56, 12, 13, 7, 
2019/12/6, 90, 7, 29, 4, 
2019/12/7, 9, 8, 32, 3, 
2019/12/8, 10, 13, 28, 6, 
2019/12/9, 8, 19, 26, 13, 
2019/12/10, 10, 8, 23, 10, 
2019/12/11, 9, 7, 13, 11, 
2019/12/12, 15, 17, 14, 9, 
2019/12/13, 51, 13, 28, 6, 
2019/12/14, 44, 8, 30, 3, 
2019/12/15, 16, 13, 26, 9, 
2019/12/16, 24, 12, 10, 10, 
2019/12/17, 37, 11, 20, 8, 
2019/12/18, 17, 17, 11, 11, 
2019/12/19, 47, 28, 9, 9, 
2019/12/20, 82, 13, 11, 11, 
2019/12/21, 47, 11, 19, 7, 
2019/12/22, 34, 8, 17, 7, 
2019/12/23, 34, 10, 21, 6, 
2019/12/24, 21, 9, 16, 7, 
2019/12/25, 27, 5, 18, 5, 
2019/12/26, 10, 6, 14, 8, 
2019/12/27, 7, 7, 16, 10, 
2019/12/28, 12, 9, 16, 6, 
2019/12/29, 31, , , , 
2019/7/1, 45, 10, 31, 3, 
2019/7/2, 40, 10, 32, 3, 
2019/7/3, 42, 9, 31, 3, 
2019/7/4, 37, 6, 30, 5, 
2019/7/5, 14, 6, 31, 4, 
2019/7/6, 15, 8, 32, 3, 
2019/7/7, 12, 8, 29, 5, 
2019/7/8, 16, 9, 29, 4, 
2019/7/9, 15, 10, 33, 4, 
2019/7/10, 19, 10, 35, 7, 
2019/7/11, 35, 12, 32, 10, 
2019/7/12, 49, 15, 25, 2, 
2019/7/15, 35, 16, 26, 5, 
2019/7/16, 30, 8, 25, 6, 
2019/7/17, 19, 9, 27, 10, 
2019/7/18, 26, 10, 28, 8, 
2019/7/19, 26, 13, 32, 9, 
2019/7/20, 41, 11, 28, 4, 
2019/7/21, 27, 9, 21, 4, 
2019/7/22, 21, 18, 17, 5, 
2019/7/23, 35, 18, 22, 9, 
2019/7/24, 43, 13, 19, 8, 
2019/7/25, 33, 13, 28, 8, 
2019/7/26, 31, 13, 31, 3, 
2019/7/27, 36, 12, 30, 4, 
2019/7/28, 40, 19, 30, 9, 
2019/7/29, 56, 18, 24, 5, 
2019/7/30, 56, 8, 24, 4, 
2019/7/31, 26, 5, 20, 8, 
2019/8/1, 18, 7, 21, 8, 
2019/8/2, 21, 8, 30, 7, 
2019/8/3, 25, 12, 28, 8, 
2019/8/4, 35, 11, 29, 7, 
2019/8/5, 26, 12, 27, 7, 
2019/8/6, 29, 13, 27, 7, 
2019/8/7, 27, 11, 25, 6, 
2019/8/8, 26, 10, 25, 6, 
2019/8/9, 21, 11, 26, 5, 
2019/8/10, 30, 14, 29, 5, 
2019/8/11, 32, 15, 28, 7, 
2019/8/12, 32, 10, 27, 7, 
2019/8/13, 20, 6, 29, 5, 
2019/8/14, 15, 9, 30, 8, 
2019/8/15, 28, 9, 23, 5, 
2019/8/16, 28, 10, 24, 7, 
2019/8/17, 31, 10, 18, 6, 
2019/8/18, 41, 12, 24, 7, 
2019/8/19, 33, 13, 26, 7, 
2019/8/20, 34, 11, 26, 8, 
2019/8/21, 31, 10, 28, 9, 
2019/8/22, 31, 12, 27, 9, 
2019/8/23, 38, 14, 15, 13, 
2019/8/24, 42, , , , 
2019/8/26, 52, 23, 42, 12, 
2019/8/27, 60, 26, 39, 14, 
2019/8/28, 70, 25, 40, 13, 
2019/8/29, 73, 14, 27, 9, 
2019/8/30, 45, 15, 42, 10, 
2019/8/31, 53, 18, 39, 6, 
2019/9/1, 59, 9, 25, 4, 
2019/9/2, 27, 7, 26, 6, 
2019/9/3, 21, 9, 26, 7, 
2019/9/4, 25, 9, 23, 5, 
2019/9/5, 31, 10, 25, 6, 
2019/9/6, 25, 9, 26, 7, 
2019/9/7, 29, 11, 23, 9, 
2019/9/8, 35, 10, 19, 9, 
2019/9/9, 33, 9, 16, 9, 
2019/9/10, 36, 9, 30, 6, 
2019/9/11, 31, 11, 19, 5, 
2019/9/12, 30, 12, 24, 4, 
2019/9/13, 28, 12, 22, 4, 
2019/9/14, 25, 11, 26, 4, 
2019/9/15, 26, 15, 25, 4, 
2019/9/16, 29, 11, 25, 4, 
2019/9/17, 24, 7, 22, 6, 
2019/9/18, 17, 7, 20, 9, 
2019/9/19, 17, 7, 17, 7, 
2019/9/20, 19, 8, 21, 7, 
2019/9/21, 24, 11, 20, 9, 
2019/9/22, 39, 8, 22, 3, 
2019/9/23, 28, 12, 17, 7, 
2019/9/24, 39, 24, 23, 6, 
2019/9/25, 68, 28, 20, 8, 
2019/9/26, 74, 28, 17, 8, 
2019/9/27, 76, 14, 17, 8, 
2019/9/28, 47, 7, 20, 5, 
2019/9/29, 28, 8, 24, 6, 
2019/9/30, 27, 11, 26, 7, 
2019/4/1, 16, 30, 33, 8, 
2019/4/2, 28, 47, 33, 8, 
2019/4/3, 58, 45, 36, 8, 
2019/4/4, 72, 46, 41, 8, 
2019/4/5, 84, 42, 39, 6, 
2019/4/6, 89, 41, 34, 12, 
2019/4/7, 94, 30, 32, 12, 
2019/4/8, 69, 20, 25, 11, 
2019/4/9, 36, 16, 23, 10, 
2019/4/10, 26, 13, 24, 11, 
2019/4/11, 25, 13, 31, 9, 
2019/4/12, 26, 11, 32, 6, 
2019/4/13, 23, 10, 35, 4, 
2019/4/14, 22, 12, 36, 8, 
2019/4/15, 23, 16, 35, 9, 
2019/4/16, 26, 19, 36, 10, 
2019/4/17, 33, 20, 40, 9, 
2019/4/18, 35, 16, 39, 10, 
2019/4/19, 33, 19, 40, 18, 
2019/4/20, 38, 23, 46, 18, 
2019/4/21, 48, 20, 39, 6, 
2019/4/22, 44, 38, 47, 6, 
2019/4/23, 49, 55, 43, 7, 
2019/4/24, 62, 35, 29, 12, 
2019/4/25, 62, 39, 35, 12, 
2019/4/26, 75, 26, 29, 9, 
2019/4/27, 61, 11, 32, 9, 
2019/4/28, 28, 15, 29, 11, 
2019/4/29, 37, 21, 29, 18, 
2019/4/30, 41, 25, 37, 6, 
2019/5/1, 61, 18, 38, 5, 
2019/5/2, 23, 15, 33, 7, 
2019/5/3, 13, 6, 33, 4, 
2019/5/4, 11, 8, 23, 7, 
2019/5/5, 17, 13, 32, 6, 
2019/5/6, 19, 12, 31, 5, 
2019/5/7, 15, 12, , 5, 
2019/5/8, 22, 13, , 5, 
2019/5/9, 32, 13, 30, 12, 
2019/5/10, 33, 10, 35, 6, 
2019/5/11, 24, 10, 31, 5, 
2019/5/12, 18, 11, 31, 7, 
2019/5/13, 17, 11, 28, 10, 
2019/5/14, 20, 9, 29, 11, 
2019/5/15, 18, 15, 38, 8, 
2019/5/16, 18, 11, 35, 6, 
2019/5/17, 19, 8, 33, 5, 
2019/5/18, 30, 9, 32, 4, 
2019/5/19, 37, 12, 30, 10, 
2019/5/20, 41, 24, 23, 13, 
2019/5/21, 56, 20, 30, 8, 
2019/5/22, 55, 11, 37, 8, 
2019/5/23, 26, 17, 34, 10, 
2019/5/24, 42, 10, 32, 4, 
2019/5/25, 26, 8, 32, 5, 
2019/5/26, 20, 7, 28, 5, 
2019/5/27, 18, 11, 35, 6, 
2019/5/28, 20, 9, 32, 6, 
2019/5/29, 13, 10, 32, 7, 
2019/5/30, 21, 10, 26, 8, 
2019/5/31, 31, 11, 27, 6, 
2019/6/1, 35, 8, 28, 6, 
2019/6/2, 23, 12, 36, 11, 
2019/6/3, 32, 15, 27, 10, 
2019/6/4, 34, 18, 43, 11, 
2019/6/5, 47, 20, 42, 6, 
2019/6/6, 53, 12, 33, 8, 
2019/6/7, 32, 11, 30, 6, 
2019/6/8, 31, 11, 32, 6, 
2019/6/9, 26, 13, 32, 9, 
2019/6/10, 32, 12, 39, 6, 
2019/6/11, 32, 12, 34, 4, 
2019/6/12, 39, 16, 32, 9, 
2019/6/13, 48, 9, 40, 10, 
2019/6/14, 25, 8, 41, 6, 
2019/6/15, 27, 9, 36, 5, 
2019/6/16, 26, 11, 27, 10, 
2019/6/17, 27, 11, 37, 10, 
2019/6/18, 29, 17, 43, 11, 
2019/6/19, 44, 18, 39, 10, 
2019/6/20, 46, 10, 34, 5, 
2019/6/21, 29, 7, 30, 4, 
2019/6/22, 17, 7, 29, 6, 
2019/6/23, 18, 9, 30, 9, 
2019/6/24, 18, 15, 43, 8, 
2019/6/25, 30, 22, 46, 10, 
2019/6/26, 50, 18, 33, 4, 
2019/6/27, 34, 12, 29, 7, 
2019/6/28, 25, 14, 26, 5, 
2019/6/29, 28, 16, 59, 8, 
2019/6/30, 33, 14, 32, 3, 
2019/1/1, 25, 7, 29, 5, 
2019/1/2, 6, 9, 27, 16, 
2019/1/3, 9, 11, 22, 9, 
2019/1/4, 18, 8, 18, 12, 
2019/1/5, 15, 12, 14, 18, 
2019/1/6, 18, 11, 18, 11, 
2019/1/7, 29, 6, 23, 9, 
2019/1/8, 13, 5, 25, 9, 
2019/1/9, 6, 10, 22, 15, 
2019/1/10, 11, 10, 23, 9, 
2019/1/11, 19, 13, 24, 10, 
2019/1/12, 21, 4, 27, 5, 
2019/1/13, 8, 6, 28, 4, 
2019/1/14, 8, 8, 27, 9, 
2019/1/15, 11, 10, 26, 9, 
2019/1/16, 20, 6, 24, 9, 
2019/1/17, 15, 5, 23, 14, 
2019/1/18, 10, 7, 18, 10, 
2019/1/19, 19, 17, 17, 11, 
2019/1/20, 54, 21, 14, 13, 
2019/1/21, 67, 13, 18, 15, 
2019/1/22, 50, 24, 17, 11, 
2019/1/23, 78, 26, 22, 11, 
2019/1/24, 71, 30, 18, 13, 
2019/1/25, 75, 27, 15, 11, 
2019/1/26, 82, 13, 8, 10, 
2019/1/27, 51, 9, 12, 12, 
2019/1/28, 35, 13, 18, 11, 
2019/1/29, 29, 16, 24, 13, 
2019/1/30, 46, 20, 21, 10, 
2019/1/31, 62, 29, 19, 7, 
2019/2/1, 84, 28, 16, 8, 
2019/2/2, 92, 10, 19, 3, 
2019/2/3, 38, 10, 21, 12, 
2019/2/4, 34, 12, 23, 7, 
2019/2/5, 38, 13, 23, 10, 
2019/2/6, 39, 16, 12, 13, 
2019/2/7, 60, 13, 23, 10, 
2019/2/8, 44, 8, 26, 6, 
2019/2/9, 24, 11, 25, 7, 
2019/2/10, 26, 8, 28, 6, 
2019/2/11, 16, 21, 30, 9, 
2019/2/12, 10, 29, 18, 9, 
2019/2/13, 29, 31, 18, 9, 
2019/2/14, 53, 39, 18, 10, 
2019/2/15, 64, 39, 13, 15, 
2019/2/16, 67, 38, 16, 10, 
2019/2/17, 82, 41, 11, 15, 
2019/2/18, 85, 33, 27, 12, 
2019/2/19, 82, 23, 30, 9, 
2019/2/20, 33, 20, 19, 10, 
2019/2/21, 48, 17, 28, 10, 
2019/2/22, 26, 19, 26, 10, 
2019/2/23, 27, 24, 15, 11, 
2019/2/24, 58, 32, 18, 12, 
2019/2/25, 65, 45, 14, 15, 
2019/2/26, 82, 52, 13, 16, 
2019/2/27, 105, 45, 18, 15, 
2019/2/28, 99, 35, 18, 22, 
2019/3/1, 48, 22, 23, 10, 
2019/3/2, 47, 21, 26, 7, 
2019/3/3, 54, 11, 32, 9, 
2019/3/4, 28, 5, 29, 11, 
2019/3/5, 11, 90, 24, 12, 
2019/3/6, 37, 18, 23, 10, 
2019/3/7, 45, 19, 31, 6, 
2019/3/8, 29, 18, 33, 5, 
2019/3/9, 26, 13, 33, 6, 
2019/3/10, 23, 20, 28, 12, 
2019/3/11, 33, 26, 27, 10, 
2019/3/12, 35, 15, 30, 8, 
2019/3/13, 40, 10, 27, 10, 
2019/3/14, 36, 9, 27, 10, 
2019/3/15, 32, 8, 31, 6, 
2019/3/16, 24, 10, 34, 5, 
2019/3/17, 31, 22, 33, 6, 
2019/3/18, 34, 22, 27, 12, 
2019/3/19, 26, 20, 25, 12, 
2019/3/20, 42, 23, 20, 8, 
2019/3/21, 60, 27, 19, 11, 
2019/3/22, 50, 24, 30, 7, 
2019/3/23, 65, 20, 29, 6, 
2019/3/24, 39, 14, 29, 9, 
2019/3/25, 27, 16, 29, 8, 
2019/3/26, 27, 16, 25, 11, 
2019/3/27, 29, 16, 22, 12, 
2019/3/28, 37, 21, 25, 9, 
2019/3/29, 38, 28, 31, 9, 
2019/3/30, 72, 21, 33, 3, 
2019/3/31, 51, 19, 27, 14, 
2018/10/1, 46, 39, 28, 6, 
2018/10/2, 44, 43, 26, 5, 
2018/10/3, 42, 43, 22, 10, 
2018/10/4, 43, 30, 13, 11, 
2018/10/5, 70, 29, 14, 12, 
2018/10/6, 74, 16, 24, 9, 
2018/10/7, 51, 26, 22, 10, 
2018/10/8, 47, 50, 17, 12, 
2018/10/9, 65, 59, 15, 18, 
2018/10/10, 97, 58, 30, 11, 
2018/10/11, 109, 55, 23, 16, 
2018/10/12, 102, 51, 25, 13, 
2018/10/13, 104, 51, 29, 10, 
2018/10/14, 112, 47, 23, 14, 
2018/10/15, 94, 55, 10, 31, 
2018/10/16, 107, 63, 13, 27, 
2018/10/17, 134, 52, 22, 16, 
2018/10/18, 120, 48, 23, 20, 
2018/10/19, 61, 29, 26, 10, 
2018/10/20, 53, 22, 15, 14, 
2018/10/21, 56, 30, 26, 9, 
2018/10/22, 63, 23, 32, 4, 
2018/10/23, 46, 18, 30, 8, 
2018/10/24, 35, 22, 26, 6, 
2018/10/25, 38, 23, 28, 11, 
2018/10/26, 42, 12, 27, 6, 
2018/10/27, 33, 10, 20, 6, 
2018/10/28, 26, 13, 20, 4, 
2018/10/29, 28, 18, 10, 9, 
2018/10/30, 46, 21, 12, 9, 
2018/10/31, 49, 25, 10, 10, 
2018/11/1, 59, 30, 24, 11, 
2018/11/2, 72, 20, 24, 11, 
2018/11/3, 46, 19, 18, 10, 
2018/11/4, 47, 29, 11, 8, 
2018/11/5, 74, 42, 7, 13, 
2018/11/6, 97, 43, 7, 14, 
2018/11/7, 101, 33, , 18, 
2018/11/8, 79, 29, 13, 14, 
2018/11/9, 70, 33, 11, 7, 
2018/11/10, 82, 38, 8, 8, 
2018/11/11, 94, 19, 9, 12, 
2018/11/12, 54, 18, 16, 11, 
2018/11/13, 52, 26, 21, 10, 
2018/11/14, 46, 36, 9, 12, 
2018/11/15, 60, 31, 14, 15, 
2018/11/16, 56, 26, 14, 9, 
2018/11/17, 59, 20, 17, 7, 
2018/11/18, 52, 10, 20, 6, 
2018/11/19, 20, 16, 21, 5, 
2018/11/20, 18, 12, 21, 5, 
2018/11/21, 18, 9, 22, 6, 
2018/11/22, 29, 16, 18, 10, 
2018/11/23, 56, 19, 10, 10, 
2018/11/24, 55, 9, 14, 6, 
2018/11/25, 35, 14, 12, 17, 
2018/11/26, 28, 14, 18, 18, 
2018/11/27, 35, 9, 23, 14, 
2018/11/28, 39, 17, 19, 8, 
2018/11/29, 55, 20, 14, 10, 
2018/11/30, 66, 23, 10, 13, 
2018/12/1, 69, 15, 9, 10, 
2018/12/2, 52, 8, 17, 11, 
2018/12/3, 28, 17, 29, 6, 
2018/12/4, 25, 18, 26, 13, 
2018/12/5, 19, 15, 16, 15, 
2018/12/6, 30, 7, 15, 12, 
2018/12/7, 22, 6, 26, 6, 
2018/12/8, 16, 7, 23, 7, 
2018/12/9, 17, 10, 18, 6, 
2018/12/10, 12, 11, 12, 8, 
2018/12/11, 8, 20, 12, 14, 
2018/12/12, 18, 17, 10, 13, 
2018/12/13, 15, 10, 12, 10, 
2018/12/14, 16, 4, 12, 15, 
2018/12/15, 16, 7, 13, 7, 
2018/12/16, 32, 22, 11, 23, 
2018/12/17, 57, 25, 9, 15, 
2018/12/18, 67, 23, 11, 16, 
2018/12/19, 71, 28, 8, 13, 
2018/12/20, 86, 23, 14, 12, 
2018/12/21, 74, 8, 11, 10, 
2018/12/22, 33, 11, 14, 10, 
2018/12/23, 44, 6, 17, 10, 
2018/12/24, 25, 7, 21, 5, 
2018/12/25, 16, 9, 24, 7, 
2018/12/26, 16, 10, 18, 7, 
2018/12/27, 27, 7, 23, 9, 
2018/12/28, 15, 7, 17, 9, 
2018/12/29, 19, 7, 23, 7, 
2018/12/30, 20, , , , 
2018/7/1, 31, 20, 28, 7, 
2018/7/2, 32, 25, 29, 11, 
2018/7/3, 43, 27, 28, 11, 
2018/7/4, 58, 19, 27, 7, 
2018/7/5, 35, 21, 28, 7, 
2018/7/6, 39, 26, 29, 6, 
2018/7/7, 45, 26, 30, 7, 
2018/7/8, 52, 24, 23, 7, 
2018/7/9, 46, 25, 18, 11, 
2018/7/10, 44, 21, 26, 8, 
2018/7/11, 40, 20, 28, 11, 
2018/7/12, 43, 23, 33, 11, 
2018/7/13, 51, 21, 24, 4, 
2018/7/14, 43, 18, 33, 6, 
2018/7/15, 40, 22, 34, 10, 
2018/7/16, 52, 25, 30, 15, 
2018/7/17, 56, 23, 35, 10, 
2018/7/18, 57, 20, 35, 6, 
2018/7/19, 50, 18, 32, 6, 
2018/7/20, 41, 18, 35, 8, 
2018/7/21, 43, 22, 41, 12, 
2018/7/22, 55, 22, 24, 9, 
2018/7/23, 53, 20, 26, 11, 
2018/7/24, 48, 21, 41, 11, 
2018/7/25, 53, 25, 31, 11, 
2018/7/26, 57, 29, 32, 8, 
2018/7/27, 59, 31, 38, 7, 
2018/7/28, 65, 27, 39, 8, 
2018/7/29, 59, 28, 35, 14, 
2018/7/30, 59, 29, 39, 12, 
2018/7/31, 60, 31, 28, 10, 
2018/8/1, 63, 24, 35, 10, 
2018/8/2, 54, 25, 42, 14, 
2018/8/3, 56, 24, 28, 8, 
2018/8/4, 56, 21, 26, 4, 
2018/8/5, 49, 19, 23, 8, 
2018/8/6, 47, 20, 36, 13, 
2018/8/7, 50, 9, 46, 12, 
2018/8/8, 61, 8, 47, 9, 
2018/8/9, 65, 1, 38, 5, 
2018/8/10, 53, 1, 27, 7, 
2018/8/11, 47, , 23, 4, 
2018/8/12, 39, 1, 27, 10, 
2018/8/13, 46, 20, 34, 8, 
2018/8/14, 50, 18, 28, 8, 
2018/8/15, 46, 24, 32, 11, 
2018/8/16, 53, 27, 20, 12, 
2018/8/17, 57, 22, 28, 8, 
2018/8/18, 45, 21, 24, 5, 
2018/8/19, 50, 22, 24, 6, 
2018/8/20, 49, 20, 21, 9, 
2018/8/21, 38, 20, 30, 9, 
2018/8/22, 46, 27, 33, 14, 
2018/8/23, 50, 29, 22, 8, 
2018/8/24, 63, 16, 21, 7, 
2018/8/25, 42, 13, 25, 5, 
2018/8/26, 33, 16, 22, 10, 
2018/8/27, 37, 31, 19, 8, 
2018/8/28, 42, 33, 22, 12, 
2018/8/29, 45, 24, 26, 15, 
2018/8/30, 55, 24, 25, 9, 
2018/8/31, 56, 18, 24, 5, 
2018/9/1, 45, 18, 23, 7, 
2018/9/2, 50, 20, 28, 7, 
2018/9/3, 52, 27, 20, 11, 
2018/9/4, 55, 42, 22, 18, 
2018/9/5, 62, 33, 34, 9, 
2018/9/6, 64, 27, 30, 8, 
2018/9/7, 63, 21, 25, 8, 
2018/9/8, 51, 22, 28, 10, 
2018/9/9, 53, 25, 26, 12, 
2018/9/10, 56, 21, 27, 8, 
2018/9/11, 52, 26, 23, 5, 
2018/9/12, 49, 27, 25, 9, 
2018/9/13, 43, 24, 26, 8, 
2018/9/14, 46, 20, 25, 5, 
2018/9/15, 47, 16, 25, 8, 
2018/9/16, 41, 26, 24, 12, 
2018/9/17, 57, 35, 40, 16, 
2018/9/18, 66, 40, 26, 10, 
2018/9/19, 65, 38, 23, 11, 
2018/9/20, 64, 39, 27, 10, 
2018/9/21, 64, 32, 28, 4, 
2018/9/22, 53, 26, 26, 5, 
2018/9/23, 50, 202, 27, 8, 
2018/9/24, 41, 151, 26, 9, 
2018/9/25, 42, 65, 24, 6, 
2018/9/26, 54, 42, 18, 6, 
2018/9/27, 55, 76, 23, 6, 
2018/9/28, 51, 154, 23, 5, 
2018/9/29, 45, 184, 23, 8, 
2018/9/30, 55, 154, 20, 12, 
2018/4/1, 37, 15, 32, 10, 
2018/4/2, 37, 16, 32, 10, 
2018/4/3, 45, 22, 25, 12, 
2018/4/4, 53, 19, 29, 13, 
2018/4/5, 46, 20, 29, 9, 
2018/4/6, 27, 25, 31, 10, 
2018/4/7, 40, 29, 29, 10, 
2018/4/8, 63, 38, 27, 18, 
2018/4/9, 72, 30, 38, 7, 
2018/4/10, 61, 15, 34, 4, 
2018/4/11, 23, 17, 38, 4, 
2018/4/12, 28, 23, 39, 5, 
2018/4/13, 51, 28, 33, 8, 
2018/4/14, 68, 24, 18, 10, 
2018/4/15, 69, 30, 19, 16, 
2018/4/16, 75, 30, 22, 15, 
2018/4/17, 67, 32, 27, 16, 
2018/4/18, 60, 30, 24, 15, 
2018/4/19, 56, 34, 47, 16, 
2018/4/20, 64, 28, 34, 6, 
2018/4/21, 56, 16, 30, 9, 
2018/4/22, 26, 26, 31, 9, 
2018/4/23, 36, 23, 28, 8, 
2018/4/24, 38, 16, 31, 11, 
2018/4/25, 30, 13, 31, 9, 
2018/4/26, 23, 21, 30, 10, 
2018/4/27, 35, 23, 28, 11, 
2018/4/28, 50, 25, 31, 12, 
2018/4/29, 58, 33, 36, 7, 
2018/4/30, 59, 15, 25, 7, 
2018/5/1, 41, 17, 30, 11, 
2018/5/2, 30, 22, 33, 9, 
2018/5/3, 32, 16, 31, 13, 
2018/5/4, 27, 15, 32, 14, 
2018/5/5, 31, 18, 37, 13, 
2018/5/6, 37, 23, 32, 19, 
2018/5/7, 43, 19, 35, 14, 
2018/5/8, 32, 20, 38, 8, 
2018/5/9, 34, 23, 41, 6, 
2018/5/10, 43, 18, 32, 9, 
2018/5/11, 41, 19, 27, 11, 
2018/5/12, 49, 20, 45, 8, 
2018/5/13, 46, 25, 39, 11, 
2018/5/14, 49, 29, 31, 15, 
2018/5/15, 52, , , , 
2018/5/21, 27, 19, 29, 11, 
2018/5/22, 31, 26, 33, 16, 
2018/5/23, 44, 23, 36, 11, 
2018/5/24, 42, 18, 35, 9, 
2018/5/25, 29, 20, 38, 7, 
2018/5/26, 39, 18, 38, 4, 
2018/5/27, 43, 23, 40, 9, 
2018/5/28, 48, 27, 46, 10, 
2018/5/29, 54, 26, 44, 8, 
2018/5/30, 53, 23, 41, 8, 
2018/5/31, 47, 21, 30, 7, 
2018/6/1, 40, , , , 
2018/6/5, 31, 15, 27, 6, 
2018/6/6, 29, 17, 30, 11, 
2018/6/7, 31, 21, 43, 15, 
2018/6/8, 41, 23, 43, 10, 
2018/6/9, 46, 23, 42, 7, 
2018/6/10, 50, 20, 35, 6, 
2018/6/11, 39, 21, 26, 9, 
2018/6/12, 35, 25, 29, 9, 
2018/6/13, 43, 20, 35, 9, 
2018/6/14, 37, 24, 28, 8, 
2018/6/15, 48, 21, 29, 12, 
2018/6/16, 44, 17, 32, 6, 
2018/6/17, 46, 19, 28, 7, 
2018/6/18, 45, 21, 30, 5, 
2018/6/19, 47, 23, 27, 8, 
2018/6/20, 43, 21, 27, 6, 
2018/6/21, 37, 17, 25, 4, 
2018/6/22, 28, 17, 28, 4, 
2018/6/23, 34, 16, 29, 6, 
2018/6/24, 38, 19, 20, 14, 
2018/6/25, 42, 24, 23, 13, 
2018/6/26, 47, 19, 26, 10, 
2018/6/27, 44, 22, 35, 13, 
2018/6/28, 46, 25, 28, 10, 
2018/6/29, 47, 15, 28, 6, 
2018/6/30, 34, 13, 23, 6, 
2018/1/1, 40, 15, 24, 11, 
2018/1/2, 29, 10, 20, 13, 
2018/1/3, 20, 7, 15, 13, 
2018/1/4, 16, 5, 13, 17, 
2018/1/5, 13, 7, 12, 9, 
2018/1/6, 17, 11, 18, 15, 
2018/1/7, 17, 11, 21, 18, 
2018/1/8, 29, 8, 25, 6, 
2018/1/9, 24, 23, 21, 10, 
2018/1/10, 67, 19, 14, 8, 
2018/1/11, 60, 12, 21, 5, 
2018/1/12, 38, 12, 23, 6, 
2018/1/13, 34, 19, 23, 7, 
2018/1/14, 48, 21, 17, 7, 
2018/1/15, 60, 12, 18, 11, 
2018/1/16, 34, 6, 29, 11, 
2018/1/17, 12, 8, 28, 14, 
2018/1/18, 18, 11, 22, 18, 
2018/1/19, 34, 10, 21, 14, 
2018/1/20, 32, 8, 20, 9, 
2018/1/21, 27, 15, 18, 14, 
2018/1/22, 48, 30, 19, 14, 
2018/1/23, 82, 11, 16, 9, 
2018/1/24, 35, 8, 29, 8, 
2018/1/25, 17, 23, 12, 17, 
2018/1/26, 52, 22, 16, 13, 
2018/1/27, 52, 22, 27, 6, 
2018/1/28, 45, 14, 26, 3, 
2018/1/29, 29, 18, 28, 8, 
2018/1/30, 19, 15, 23, 10, 
2018/1/31, 29, 11, 28, 9, 
2018/2/1, 27, 14, 17, 13, 
2018/2/2, 44, 7, 15, 7, 
2018/2/3, 20, 8, 19, 6, 
2018/2/4, 26, 27, 23, 16, 
2018/2/5, 25, 32, 24, 15, 
2018/2/6, 33, 40, 16, 20, 
2018/2/7, 47, 24, 20, 16, 
2018/2/8, 64, 42, 13, 22, 
2018/2/9, 81, 47, 16, 16, 
2018/2/10, 115, 41, 14, 10, 
2018/2/11, 116, 11, 28, 7, 
2018/2/12, 21, 15, 29, 10, 
2018/2/13, 33, 32, 19, 20, 
2018/2/14, 77, 19, 29, 11, 
2018/2/15, 55, 21, 22, 9, 
2018/2/16, 48, 13, 23, 8, 
2018/2/17, 29, 20, 22, 11, 
2018/2/18, 33, 24, 18, 15, 
2018/2/19, 52, 27, 19, 10, 
2018/2/20, 64, 20, 23, 15, 
2018/2/21, 47, 21, 21, 10, 
2018/2/22, 44, 28, 21, 18, 
2018/2/23, 44, 18, 26, 6, 
2018/2/24, 24, 18, 26, 7, 
2018/2/25, 19, 38, 26, 12, 
2018/2/26, 22, 26, 26, 8, 
2018/2/27, 16, 15, 27, 7, 
2018/2/28, 16, 14, 28, 8, 
2018/3/1, 22, 9, 29, 9, 
2018/3/2, 25, 12, 31, 7, 
2018/3/3, 46, 17, 33, 6, 
2018/3/4, 57, 35, 32, 14, 
2018/3/5, 104, 62, 33, 18, 
2018/3/6, 159, 46, 38, 14, 
2018/3/7, 129, 25, 33, 20, 
2018/3/8, 79, 20, 24, 13, 
2018/3/9, 71, 15, 29, 8, 
2018/3/10, 52, 16, 28, 5, 
2018/3/11, 57, 29, 19, 14, 
2018/3/12, 88, 22, 9, 14, 
2018/3/13, 72, 11, 20, 13, 
2018/3/14, 34, 10, 32, 5, 
2018/3/15, 20, 9, 32, 4, 
2018/3/16, 16, 11, 31, 5, 
2018/3/17, 16, 11, 30, 6, 
2018/3/18, 14, 19, 24, 15, 
2018/3/19, 25, 17, 24, 12, 
2018/3/20, 32, 21, 24, 16, 
2018/3/21, 28, 16, 29, 13, 
2018/3/22, 34, 19, 29, 14, 
2018/3/23, 35, 23, 25, 10, 
2018/3/24, 57, 40, 15, 15, 
2018/3/25, 94, 30, 22, 12, 
2018/3/26, 66, 12, 28, 11, 
2018/3/27, 32, 7, 33, 4, 
2018/3/28, 17, 13, 32, 7, 
2018/3/29, 36, 12, 30, 10, 
2018/3/30, 32, 12, 32, 6, 
2018/3/31, 34, 13, 31, 6, 
2017/10/1, 77, 16, 19, 8, 
2017/10/2, 31, 16, 26, 6, 
2017/10/3, 10, 15, 27, 5, 
2017/10/4, 10, 13, 24, 7, 
2017/10/5, 15, 9, 24, 8, 
2017/10/6, 6, 7, 25, 8, 
2017/10/7, 12, 4, 29, 5, 
2017/10/8, 5, 7, 22, 6, 
2017/10/9, 3, 10, 18, 14, 
2017/10/10, 16, 12, 20, 10, 
2017/10/11, 27, 12, 24, 6, 
2017/10/12, 27, 19, 26, 9, 
2017/10/13, 33, 20, 13, 6, 
2017/10/14, 51, 13, 18, 6, 
2017/10/15, 32, 29, 14, 14, 
2017/10/16, 68, 35, 20, 12, 
2017/10/17, 77, 19, 23, 11, 
2017/10/18, 36, 9, 18, 8, 
2017/10/19, 22, 28, 20, 7, 
2017/10/20, 74, 22, 16, 7, 
2017/10/21, 51, 15, 18, 10, 
2017/10/22, 29, 11, 13, 10, 
2017/10/23, 20, 9, 19, 7, 
2017/10/24, 10, 9, 22, 8, 
2017/10/25, 11, 13, 23, 7, 
2017/10/26, 3, 8, 24, 7, 
2017/10/27, 1, 12, 27, 4, 
2017/10/28, 9, 6, 29, 3, 
2017/10/29, 7, 8, 28, 6, 
2017/10/30, 4, 10, 22, 12, 
2017/10/31, 8, 11, 18, 7, 
2017/11/1, 25, 20, 24, 8, 
2017/11/2, 22, 14, 20, 13, 
2017/11/3, 19, 26, 16, 11, 
2017/11/4, 65, 18, 16, 11, 
2017/11/5, 51, 12, 18, 13, 
2017/11/6, 16, 18, 14, 25, 
2017/11/7, 30, 21, 13, 16, 
2017/11/8, 53, 28, 14, 11, 
2017/11/9, 76, 13, 24, 9, 
2017/11/10, 23, 4, 26, 5, 
2017/11/11, 14, 8, 24, 7, 
2017/11/12, 21, 8, 15, 15, 
2017/11/13, 16, 5, 19, 15, 
2017/11/14, 24, 13, 20, 10, 
2017/11/15, 29, 14, 14, 17, 
2017/11/16, 38, 17, 27, 9, 
2017/11/17, 27, 10, 26, 6, 
2017/11/18, 16, 7, 28, 3, 
2017/11/19, 12, 11, 22, 21, 
2017/11/20, 19, 12, 9, 17, 
2017/11/21, 30, , , , 
2017/11/23, 37, 11, 20, 14, 
2017/11/24, 25, 10, 16, 17, 
2017/11/25, 25, 7, 25, 7, 
2017/11/26, 15, 10, 24, 9, 
2017/11/27, 19, 6, 27, 10, 
2017/11/28, 11, 7, 24, 13, 
2017/11/29, 16, 13, 8, 20, 
2017/11/30, 40, 17, 12, 12, 
2017/12/1, 26, 10, 15, 10, 
2017/12/2, 17, 9, 19, 8, 
2017/12/3, 26, 11, 22, 13, 
2017/12/4, 14, 7, 23, 9, 
2017/12/5, 12, 7, 28, 6, 
2017/12/6, 11, 17, 26, 8, 
2017/12/7, 38, 15, 24, 8, 
2017/12/8, 20, 13, 27, 5, 
2017/12/9, 16, 9, 26, 7, 
2017/12/10, 22, 13, 21, 15, 
2017/12/11, 41, 7, 16, 12, 
2017/12/12, 20, 12, 20, 10, 
2017/12/13, 28, 6, 27, 12, 
2017/12/14, 13, 16, 27, 11, 
2017/12/15, 22, 13, 19, 11, 
2017/12/16, 25, 6, 15, 14, 
2017/12/17, 19, 9, 15, 16, 
2017/12/18, 23, 14, 15, 12, 
2017/12/19, 35, 10, 11, 15, 
2017/12/20, 31, 9, 18, 12, 
2017/12/21, 20, 11, 24, 11, 
2017/12/22, 17, 8, 24, 5, 
2017/12/23, 16, 8, 27, 3, 
2017/12/24, 16, 7, 23, 4, 
2017/12/25, 13, 11, 23, 6, 
2017/12/26, 27, 14, 24, 11, 
2017/12/27, 23, 17, 15, 14, 
2017/12/28, 45, 11, 24, 9, 
2017/12/29, 10, 13, 17, 10, 
2017/12/30, 32, , , , 
2017/7/4, 25, 15, 25, 10, 
2017/7/5, 29, 15, 23, 10, 
2017/7/6, 29, 16, 23, 13, 
2017/7/7, 35, 18, 21, 9, 
2017/7/8, 45, 12, 27, 5, 
2017/7/9, 20, 15, 21, 13, 
2017/7/10, 25, 18, 25, 11, 
2017/7/11, 43, 14, 23, 9, 
2017/7/12, 27, 15, 23, 7, 
2017/7/13, 26, 13, 24, 8, 
2017/7/14, 22, 13, 30, 13, 
2017/7/15, 30, 16, 24, 9, 
2017/7/16, 37, 13, 21, 7, 
2017/7/17, 17, 14, 17, 7, 
2017/7/18, 25, 19, 20, 10, 
2017/7/19, 43, 19, 26, 6, 
2017/7/20, 41, 14, 23, 6, 
2017/7/21, 31, 14, 24, 4, 
2017/7/22, 22, 13, 24, 3, 
2017/7/23, 20, 14, 20, 9, 
2017/7/24, 21, 15, 18, 8, 
2017/7/25, 23, 15, 17, 10, 
2017/7/26, 23, 16, 21, 13, 
2017/7/27, 32, 17, 23, 8, 
2017/7/28, 23, 15, 21, 7, 
2017/7/29, 27, 18, 21, 9, 
2017/7/30, 34, 17, 28, 9, 
2017/7/31, 30, 17, 26, 13, 
2017/8/1, 33, 22, 29, 10, 
2017/8/2, 36, 35, 24, 12, 
2017/8/3, 47, 21, 25, 6, 
2017/8/4, 32, 15, 27, 4, 
2017/8/5, 20, 13, 24, 4, 
2017/8/6, 16, 15, 28, 8, 
2017/8/7, 19, 22, 37, 10, 
2017/8/8, 42, 25, 39, 10, 
2017/8/9, 51, 19, 32, 9, 
2017/8/10, 36, 26, 19, 15, 
2017/8/11, 48, 16, 26, 8, 
2017/8/12, 28, 15, 24, 4, 
2017/8/13, 21, 14, 25, 10, 
2017/8/14, 19, 23, 32, 10, 
2017/8/15, 36, 20, 31, 11, 
2017/8/16, 45, 21, 28, 17, 
2017/8/17, 44, 25, 25, 11, 
2017/8/18, 52, 18, 25, 8, 
2017/8/19, 32, 15, 25, 6, 
2017/8/20, 17, 15, 26, 6, 
2017/8/21, 21, 15, 21, 7, 
2017/8/22, 19, 15, 19, 10, 
2017/8/23, 17, 18, 21, 14, 
2017/8/24, 28, 17, 20, 6, 
2017/8/25, 32, 17, 19, 8, 
2017/8/26, 28, 15, 26, 7, 
2017/8/27, 31, 15, 23, 11, 
2017/8/28, 26, 19, 23, 14, 
2017/8/29, 35, 35, 25, 21, 
2017/8/30, 80, 25, 25, 12, 
2017/8/31, 54, 15, 20, 9, 
2017/9/1, 18, 15, 21, 13, 
2017/9/2, 23, 13, 19, 8, 
2017/9/3, 17, 11, 16, 6, 
2017/9/4, 13, 11, 13, 8, 
2017/9/5, 16, , , , 
2017/9/10, 22, 13, 20, 8, 
2017/9/11, 14, 14, 18, 9, 
2017/9/12, 21, 13, 20, 8, 
2017/9/13, 17, 10, 27, 8, 
2017/9/14, 5, 12, 20, 7, 
2017/9/15, 1, 15, 19, 8, 
2017/9/16, 20, 19, 17, 16, 
2017/9/17, 38, 21, 17, 22, 
2017/9/18, 38, 16, 21, 11, 
2017/9/19, 24, 12, 22, 10, 
2017/9/20, 9, 14, 10, 13, 
2017/9/21, 19, 13, 7, 8, 
2017/9/22, 20, 14, 8, 10, 
2017/9/23, 24, 25, 21, 6, 
2017/9/24, 53, 30, 20, 5, 
2017/9/25, 55, 28, 24, 5, 
2017/9/26, 60, 34, 25, 7, 
2017/9/27, 69, 25, 27, 7, 
2017/9/28, 53, 28, 27, 7, 
2017/9/29, 59, 29, 29, 5, 
2017/9/30, 62, 35, 25, 8, 
2016/10/10, 34, 13, 18, 9, 
2016/10/11, 36, 11, 18, 8, 
2016/10/12, 36, 13, 17, 9, 
2016/10/13, 42, 16, 23, 5, 
2016/10/14, 48, 19, 22, 3, 
2016/10/15, 56, 16, 12, 4, 
2016/10/16, 55, 28, 6, 9, 
2016/10/17, 80, , , , 
2016/10/19, 86, 15, 21, 12, 
2016/10/20, 40, 14, 13, 10, 
2016/10/21, 47, 12, 13, 7, 
2016/10/22, 39, 12, 11, 12, 
2016/10/23, 37, 20, 13, 14, 
2016/10/24, 60, 17, 9, 14, 
2016/10/25, 51, 23, 13, 17, 
2016/10/26, 57, 33, 14, 13, 
2016/10/27, 77, 21, 27, 9, 
2016/10/28, 47, 18, 30, 5, 
2016/10/29, 32, 12, 28, 9, 
2016/10/30, 25, 18, 10, 18, 
2016/10/31, 48, 16, 23, 10, 
2016/11/1, 40, 9, 22, 8, 
2016/11/2, 22, 13, 15, 15, 
2016/11/3, 26, 18, 16, 18, 
2016/11/4, 52, 24, 12, 14, 
2016/11/5, 67, 11, 18, 7, 
2016/11/6, 36, , , , 
2016/11/9, 40, 10, 11, , 
2016/11/10, 37, 10, 15, , 
2016/11/11, 36, 15, 7, , 
2016/11/12, 50, 15, 14, , 
2016/11/13, 49, 23, 17, , 
2016/11/14, 68, 12, 18, , 
2016/11/15, 40, 19, 24, , 
2016/11/16, 41, 16, 22, , 
2016/11/17, 37, 11, 23, , 
2016/11/18, 30, 15, 25, , 
2016/11/19, 38, 14, 20, , 
2016/11/20, 42, 19, 19, , 
2016/11/21, 44, 34, 7, , 
2016/11/22, 86, 33, 2, , 
2016/11/23, 67, 19, 21, , 
2016/11/24, 32, 18, 18, , 
2016/11/25, 41, 16, 28, , 
2016/11/26, 34, 15, 27, , 
2016/11/27, 33, 14, 25, , 
2016/11/28, 20, 14, 23, , 
2016/11/29, 30, 17, 25, , 
2016/11/30, 33, 13, 27, , 
2016/12/1, 27, 14, 28, , 
2016/12/2, 22, 17, 16, , 
2016/12/3, 36, 14, 19, , 
2016/12/4, 39, 12, 23, , 
2016/12/5, 34, 27, 18, , 
2016/12/6, 44, 20, 15, , 
2016/12/7, 59, 30, 14, , 
2016/12/8, 66, 13, 18, , 
2016/12/9, 42, 109, 21, , 
2016/7/1, 52, 14, 23, 8, 
2016/7/2, 39, 14, 25, 6, 
2016/7/3, 35, 15, 22, 8, 
2016/7/4, 34, 16, 25, 14, 
2016/7/5, 43, 12, 26, 6, 
2016/7/6, 33, 15, 26, 6, 
2016/7/7, 35, 20, 33, 10, 
2016/7/8, 54, 12, 27, 7, 
2016/7/9, 39, 16, 21, 7, 
2016/7/10, 49, 19, 25, 8, 
2016/7/11, 47, 16, 24, 6, 
2016/7/12, 44, 15, 23, 8, 
2016/7/13, 38, 14, 20, 9, 
2016/7/14, 35, 16, 26, 6, 
2016/7/15, 38, 15, 24, 5, 
2016/7/16, 41, 15, 24, 4, 
2016/7/17, 36, 12, 19, 7, 
2016/7/18, 31, 14, 25, 8, 
2016/7/19, 32, 14, 20, 11, 
2016/7/20, 42, 17, 23, 10, 
2016/7/21, 44, 14, 25, 12, 
2016/7/22, 43, 16, 30, 12, 
2016/7/23, 47, 16, 30, 10, 
2016/7/24, 50, 23, 29, 11, 
2016/7/25, 59, 20, 23, 9, 
2016/7/26, 55, 19, 24, 15, 
2016/7/27, 47, 16, 25, 10, 
2016/7/28, 42, 19, 27, 14, 
2016/7/29, 48, 14, 23, 8, 
2016/7/30, 44, 11, 20, 8, 
2016/7/31, 30, 11, 24, 7, 
2016/8/1, 32, 13, 23, 8, 
2016/8/2, 33, 15, 24, 12, 
2016/8/3, 41, 19, 22, 8, 
2016/8/4, 46, 17, 22, 10, 
2016/8/5, 43, 14, 23, 5, 
2016/8/6, 32, 15, 26, 5, 
2016/8/7, 35, 19, 23, 6, 
2016/8/8, 47, 17, 22, 4, 
2016/8/9, 33, 13, 19, 6, 
2016/8/10, 26, 14, 21, 7, 
2016/8/11, 28, 14, 15, 10, 
2016/8/12, 40, 20, 23, 5, 
2016/8/13, 44, 11, 18, 5, 
2016/8/14, 30, 16, 20, 8, 
2016/8/15, 40, 14, 15, 11, 
2016/8/16, 36, 14, 22, 10, 
2016/8/17, 39, 11, 12, 9, 
2016/8/18, 31, 11, 18, 11, 
2016/8/19, 33, 20, 30, 11, 
2016/8/20, 54, 19, 27, 11, 
2016/8/21, 57, 18, 16, 12, 
2016/8/22, 50, 12, 17, 10, 
2016/8/23, 33, 17, 18, 16, 
2016/8/24, 47, 23, 28, 12, 
2016/8/25, 56, 29, 40, 14, 
2016/8/26, 66, 15, 24, 9, 
2016/8/27, 41, 16, 21, 8, 
2016/8/28, 41, 17, 23, 8, 
2016/8/29, 42, 16, 19, 9, 
2016/8/30, 38, 19, 28, 12, 
2016/8/31, 49, 22, 19, 12, 
2016/9/1, 57, 17, 21, 10, 
2016/9/2, 41, 17, 20, 6, 
2016/9/3, 44, 10, 19, 7, 
2016/9/4, 33, 12, 13, 11, 
2016/9/5, 36, 13, 16, 14, 
2016/9/6, 37, 19, 23, 15, 
2016/9/7, 53, 29, 29, 18, 
2016/9/8, 75, 31, 24, 18, 
2016/9/9, 79, 24, 24, 17, 
2016/9/10, 59, 19, 25, 7, 
2016/9/11, 48, 17, 15, 12, 
2016/9/12, 38, , , , 
2016/9/19, 38, 20, 14, 15, 
2016/9/20, 47, 18, 16, 12, 
2016/9/21, 49, 20, 15, 18, 
2016/9/22, 51, , , , 
2016/4/1, 22, 24, 25, 16, 
2016/4/2, 47, 27, 24, 13, 
2016/4/3, 69, 44, 27, 14, 
2016/4/4, 90, 45, 17, 18, 
2016/4/5, 103, 22, 25, 12, 
2016/4/6, 48, 18, 28, 9, 
2016/4/7, 48, 18, 28, 11, 
2016/4/8, 35, 18, 28, 12, 
2016/4/9, 33, 15, 28, 12, 
2016/4/10, 28, 12, 32, 7, 
2016/4/11, 23, 15, 31, 8, 
2016/4/12, 30, 19, 30, 14, 
2016/4/13, 43, 19, 28, 15, 
2016/4/14, 33, 20, 30, 13, 
2016/4/15, 51, 27, 22, 10, 
2016/4/16, 77, , , , 
2016/4/18, 34, 21, 31, 6, 
2016/4/19, 31, 17, 25, 11, 
2016/4/20, 28, 21, 30, 10, 
2016/4/21, 34, 21, 31, 8, 
2016/4/22, 22, 12, 30, 8, 
2016/4/23, 24, 9, 27, 8, 
2016/4/24, 19, 7, 29, 10, 
2016/4/25, 22, 3, 33, 9, 
2016/4/26, 37, 10, 33, 13, 
2016/4/27, 30, 9, 30, 12, 
2016/4/28, 26, 16, 32, 12, 
2016/4/29, 42, 27, 34, 13, 
2016/4/30, 69, 24, 31, 11, 
2016/5/1, 64, 21, 34, 19, 
2016/5/2, 43, 21, 35, 14, 
2016/5/3, 49, 17, 31, 9, 
2016/5/4, 32, 15, 34, 10, 
2016/5/5, 32, 18, 35, 14, 
2016/5/6, 37, 17, 41, 8, 
2016/5/7, 35, 19, 42, 7, 
2016/5/8, 43, 23, 40, 12, 
2016/5/9, 48, 28, 41, 16, 
2016/5/10, 56, 26, 39, 9, 
2016/5/11, 54, 14, 31, 8, 
2016/5/12, 25, 20, 38, 15, 
2016/5/13, 36, 13, 30, 5, 
2016/5/14, 29, 7, 27, 4, 
2016/5/15, 19, 13, 27, 6, 
2016/5/16, 25, 15, 33, 10, 
2016/5/17, 27, 14, 35, 11, 
2016/5/18, 41, 24, 32, 14, 
2016/5/19, 59, 37, 26, 16, 
2016/5/20, 90, 24, 25, 10, 
2016/5/21, 70, 22, 39, 8, 
2016/5/22, 60, 27, 35, 14, 
2016/5/23, 66, 28, 39, 14, 
2016/5/24, 66, 24, 31, 13, 
2016/5/25, 52, 11, 25, 10, 
2016/5/26, 27, 13, 25, 13, 
2016/5/27, 33, 14, 31, 10, 
2016/5/28, 38, 20, 37, 6, 
2016/5/29, 56, 23, 30, 5, 
2016/5/30, 59, 26, 29, 9, 
2016/5/31, 61, 27, 37, 9, 
2016/6/1, 61, 22, 37, 7, 
2016/6/2, 56, 26, 32, 12, 
2016/6/3, 58, 25, 33, 15, 
2016/6/4, 59, 13, 28, 7, 
2016/6/5, 42, 11, 30, 6, 
2016/6/6, 32, 17, 33, 14, 
2016/6/7, 39, 21, 27, 9, 
2016/6/8, 45, 14, 30, 10, 
2016/6/9, 31, 20, 32, 8, 
2016/6/10, 38, 9, 24, 7, 
2016/6/11, 25, 11, 25, 8, 
2016/6/12, 28, 15, 32, 6, 
2016/6/13, 39, 16, 32, 5, 
2016/6/14, 45, 21, 32, 9, 
2016/6/15, 59, , , , 
2016/6/21, 36, 18, 32, 14, 
2016/6/22, 50, 20, 41, 14, 
2016/6/23, 56, 19, 34, 9, 
2016/6/24, 59, 21, 43, 8, 
2016/6/25, 62, 17, 34, 5, 
2016/6/26, 44, 16, 30, 9, 
2016/6/27, 46, 18, 23, 8, 
2016/6/28, 40, 17, 28, 13, 
2016/6/29, 47, 18, 28, 12, 
2016/6/30, 46, 17, 17, 11, 
2016/1/4, 25, 7, 24, 9, 
2016/1/5, 21, 7, 18, 6, 
2016/1/6, 25, 11, 21, 8, 
2016/1/7, 38, 33, 16, 11, 
2016/1/8, 97, 26, 9, 12, 
2016/1/9, 73, 27, 17, 9, 
2016/1/10, 77, 17, 11, 13, 
2016/1/11, 56, 16, 13, 10, 
2016/1/12, 58, 8, 20, 12, 
2016/1/13, 24, 9, 22, 6, 
2016/1/14, 29, 11, 18, 12, 
2016/1/15, 37, 18, 22, 18, 
2016/1/16, 58, 11, 16, 15, 
2016/1/17, 32, 11, 19, 14, 
2016/1/18, 36, 16, 21, 9, 
2016/1/19, 52, 10, 12, 21, 
2016/1/20, 32, 15, 14, 23, 
2016/1/21, 50, 22, 15, 22, 
2016/1/22, 71, 28, 18, 15, 
2016/1/23, 80, 19, 15, 12, 
2016/1/24, 55, 11, 6, 14, 
2016/1/25, 42, 19, 17, 13, 
2016/1/26, 42, 11, 20, 10, 
2016/1/27, 34, 16, 26, 6, 
2016/1/28, 31, 18, 26, 9, 
2016/1/29, 43, 13, 27, 8, 
2016/1/30, 30, 12, 29, 5, 
2016/1/31, 24, 12, 29, 10, 
2016/2/1, 26, 26, 30, 7, 
2016/2/2, 49, 18, 28, 7, 
2016/2/3, 31, 19, 25, 10, 
2016/2/4, 27, 14, 22, 14, 
2016/2/5, 33, 19, 12, 11, 
2016/2/6, 59, 17, 20, 10, 
2016/2/7, 46, 9, 28, 11, 
2016/2/8, 26, 14, 26, 12, 
2016/2/9, 30, 11, 24, 12, 
2016/2/10, 30, 18, 16, 17, 
2016/2/11, 50, 16, 18, 16, 
2016/2/12, 26, 16, 23, 15, 
2016/2/13, 42, 22, 17, 8, 
2016/2/14, 66, 20, 14, 14, 
2016/2/15, 36, 24, 16, 21, 
2016/2/16, 33, 17, 20, 12, 
2016/2/17, 37, 25, 16, 16, 
2016/2/18, 74, 46, 6, 19, 
2016/2/19, 117, 24, 24, 10, 
2016/2/20, 68, 12, 28, 7, 
2016/2/21, 28, 14, 29, 9, 
2016/2/22, 27, 13, 29, 9, 
2016/2/23, 25, 20, 27, 9, 
2016/2/24, 26, 14, 27, 10, 
2016/2/25, 23, 20, 20, 12, 
2016/2/26, 32, 16, 15, 12, 
2016/2/27, 48, 24, 21, 12, 
2016/2/28, 53, 22, 19, 19, 
2016/2/29, 53, 23, 28, 16, 
2016/3/1, 41, 18, 30, 10, 
2016/3/2, 61, 19, 24, 19, 
2016/3/3, 38, 22, 25, 14, 
2016/3/4, 60, 28, 27, 5, 
2016/3/5, 76, 18, 19, 9, 
2016/3/6, 58, 15, 20, 14, 
2016/3/7, 46, 24, 16, 17, 
2016/3/8, 55, 33, 18, 16, 
2016/3/9, 77, 28, 25, 9, 
2016/3/10, 73, 26, 23, 13, 
2016/3/11, 57, 19, 20, 9, 
2016/3/12, 56, 25, 18, 11, 
2016/3/13, 68, 31, 18, 13, 
2016/3/14, 80, 18, 26, 10, 
2016/3/15, 40, 23, 20, 16, 
2016/3/16, 40, 27, 19, 13, 
2016/3/17, 61, 20, 22, 12, 
2016/3/18, 51, 24, 22, 12, 
2016/3/19, 55, 23, 22, 12, 
2016/3/20, 51, 22, 30, 12, 
2016/3/21, 41, 24, 27, 15, 
2016/3/22, 41, 23, 18, 15, 
2016/3/23, 46, 24, 19, 18, 
2016/3/24, 43, 36, 20, 11, 
2016/3/25, 97, 21, 26, 11, 
2016/3/26, 41, 23, 26, 8, 
2016/3/27, 63, 19, 27, 10, 
2016/3/28, 53, 21, 23, 14, 
2016/3/29, 42, 17, 27, 14, 
2016/3/30, 40, 21, 29, 12, 
2016/3/31, 38, 17, 26, 12, 
2015/12/2, 11, 9, 10, 21, 
2015/12/3, 52, 23, 8, 16, 
2015/12/4, 40, 18, 27, 9, 
2015/12/7, 30, 27, 23, 17, 
2015/12/8, 49, 22, 11, 16, 
2015/12/9, 44, 22, 21, 12, 
2015/12/10, 48, 24, 17, 11, 
2015/12/11, 34, 13, 27, 11, 
2015/12/12, 18, 10, 26, 8, 
2015/12/13, 16, 7, 22, 11, 
2015/12/14, 28, 10, 21, 23, 
2015/12/15, 29, 9, 22, 17, 
2015/12/16, 69, 22, 14, 15, 
2015/12/17, 57, 20, 9, 14, 
2015/12/18, 69, 34, 8, 12, 
2015/12/20, 54, 18, 10, 8, 
2015/12/21, 44, 22, 21, 15, 
2015/12/22, 38, 20, 28, 8, 
2015/12/23, 28, 12, 26, 7, 
2015/12/24, 38, 18, 23, 7, 
2015/12/25, 32, 18, 29, 4, 
2015/12/26, 16, 6, 26, 10, 
2015/12/27, 25, 10, 25, 4, 
2015/12/28, 18, 10, 26, 7, 
2015/12/29, 25, 10, 25, 7, 
2015/12/30, 58, 20, 19, 8, 
2016/1/3, 22, 8, 23, 4, 
2025/10/23, , 9, 15, 3, 
2024/12/31, , 9, 27, 1, 
2024/5/27, , 28, 26, 6, 
2023/10/10, , 12, 28, 4, 
2023/10/25, , 4, 11, 5, 
2023/12/3, , 13, 16, 12, 
2023/8/6, , 7, 31, 3, 
2023/4/1, , 7, 32, , 
2023/4/2, , 11, 32, 9, 
2023/1/2, , 10, 23, 1, 
2023/1/3, , 12, 21, , 
2023/1/4, , 8, 19, 7, 
2023/1/5, , 4, 21, , 
2023/1/6, , 5, 17, 7, 
2023/1/7, , 11, 12, 6, 
2023/1/8, , 8, 19, 4, 
2023/1/9, , 9, 18, , 
2023/1/10, , 13, 19, 7, 
2023/1/11, , 26, 20, 3, 
2023/1/12, , 8, 23, , 
2023/1/13, , 10, 24, , 
2023/1/14, , 10, 24, , 
2023/1/15, , 46, 23, , 
2023/1/16, , 11, 20, 2, 
2023/1/17, , 9, 18, , 
2023/1/18, , 10, 16, 8, 
2023/1/20, , 21, 14, , 
2023/1/21, , 7, 16, , 
2023/1/22, , 7, 16, , 
2023/1/23, , 15, 16, 5, 
2023/1/24, , 14, 15, 3, 
2023/1/25, , 19, 17, , 
2023/1/26, , 9, 17, , 
2023/1/27, , 10, 19, 6, 
2023/1/28, , 12, 20, 4, 
2023/1/29, , 10, 23, , 
2023/1/30, , 14, 25, , 
2023/1/31, , 9, 24, , 
2023/2/1, , 12, 21, , 
2023/2/2, , 11, 21, 8, 
2023/2/3, , 7, 16, 16, 
2023/2/4, , 12, 17, 5, 
2023/2/5, , 10, 14, 15, 
2023/2/6, , 10, 17, , 
2023/2/7, , 14, 16, , 
2023/2/8, , 26, 18, 7, 
2023/2/9, , 32, 22, 4, 
2023/2/10, , 16, 23, 4, 
2023/2/11, , 19, 21, , 
2023/2/12, , 15, 21, 6, 
2023/2/13, , 14, 22, 4, 
2023/2/14, , 21, 15, , 
2023/2/15, , 30, 11, , 
2023/2/16, , 40, 28, , 
2023/2/17, , 21, 26, , 
2023/2/18, , 19, 23, 4, 
2023/2/19, , 12, 23, 2, 
2023/2/20, , 14, 25, , 
2023/2/21, , 25, 21, , 
2023/2/22, , 12, 20, , 
2023/2/23, , 19, 22, 11, 
2023/2/24, , 9, 22, 4, 
2023/2/25, , 7, 21, 5, 
2023/2/26, , 7, 12, 5, 
2023/2/27, , 20, 9, , 
2023/2/28, , 26, 13, 14, 
2023/3/1, , 22, 15, 16, 
2023/3/2, , 22, 22, 10, 
2023/3/3, , 17, 24, , 
2023/3/4, , 14, 24, , 
2023/3/5, , 9, 20, 24, 
2023/3/6, , 27, 24, 5, 
2023/3/7, , 11, 25, 10, 
2023/3/8, , 15, 20, 20, 
2023/3/9, , 24, 22, , 
2023/3/10, , 14, 25, 4, 
2023/3/11, , 12, 25, 5, 
2023/3/12, , 16, 35, 5, 
2023/3/13, , 14, 31, 3, 
2023/3/14, , 16, 29, , 
2023/3/15, , 17, 32, , 
2023/3/16, , 7, , , 
2023/3/20, , 7, 18, , 
2023/3/21, , 10, 25, 7, 
2023/3/22, , 17, 31, 8, 
2023/3/23, , 15, 34, 6, 
2023/3/24, , 45, 27, 4, 
2023/3/25, , 13, 33, , 
2023/3/26, , 8, 33, 9, 
2023/3/27, , 10, 30, 6, 
2023/3/28, , 14, 27, 9, 
2023/3/29, , 17, 31, , 
2023/3/30, , 35, 30, , 
2023/3/31, , 12, 32, , 
2022/12/13, , 14, 14, 5, 
2022/12/14, , 12, 12, , 
2022/12/15, , 17, 8, 21, 
2022/12/16, , 20, 14, 22, 
2022/12/17, , 13, 17, , 
2022/12/18, , 16, 15, 11, 
2022/12/19, , 16, 9, 8, 
2022/12/20, , 11, 15, 9, 
2022/12/21, , 19, 16, 5, 
2022/12/22, , 12, 19, 10, 
2022/12/23, , 8, 13, 5, 
2022/12/24, , 13, 16, 10, 
2022/12/25, , 10, 23, 5, 
2022/12/26, , 11, 24, 3, 
2022/12/27, , 11, 17, 3, 
2022/12/28, , 9, 20, 6, 
2022/12/29, , 18, 19, 5, 
2022/12/30, , 9, 19, 2, 
2022/12/31, , 21, 21, 5, 
2022/7/2, , 14, 24, 4, 
2022/7/3, , 11, 19, , 
2022/7/4, , 9, 16, , 
2022/8/16, , 30, 42, 9, 
2022/9/11, , 9, 23, 7, 
2022/5/18, , 25, 25, 3, 
2022/5/22, , 10, 28, 3, 
2021/8/25, , 6, , 9, 
2021/1/23, , 20, 6, 11, 
2021/1/31, , 9, 16, 14, 
2020/7/3, , 7, 20, 6, 
2020/7/4, , 5, 19, 4, 
2020/7/5, , 11, 19, 3, 
2020/5/26, , 16, 26, 12, 
2020/6/3, , 17, 25, 6, 
2020/6/4, , 9, 24, 10, 
2020/6/5, , 7, 24, 7, 
2020/6/6, , 9, 23, 11, 
2020/6/7, , 10, 22, 14, 
2020/6/8, , 15, 23, 14, 
2020/6/9, , 13, 24, 12, 
2020/6/10, , 13, 21, 8, 
2020/6/11, , 11, 22, 4, 
2020/6/12, , 13, 19, 2, 
2020/6/13, , 10, 23, 2, 
2020/6/14, , 11, 25, 12, 
2020/6/15, , 15, 25, 16, 
2020/6/16, , 14, 25, 13, 
2020/6/17, , 9, 24, 12, 
2020/6/18, , 15, 27, 10, 
2020/6/19, , 15, 30, 6, 
2020/6/21, , 11, 21, 9, 
2020/6/22, , 12, 21, 9, 
2020/6/23, , 18, 20, 14, 
2020/6/24, , 15, 27, 12, 
2020/6/25, , 18, 34, 11, 
2020/6/26, , 13, 31, 10, 
2020/6/27, , 12, 27, 9, 
2020/6/28, , 12, 25, 10, 
2020/6/29, , 16, 23, 6, 
2019/12/31, , 23, 26, 4, 
2020/1/8, , 10, 12, 16, 
2020/1/25, , 16, 11, 9, 
2020/1/26, , 19, 10, 6, 
2019/11/21, , 21, 3, 11, 
2019/7/14, , 14, 25, 5, 
2019/8/25, , 78, 34, 40, 
2018/12/31, , 13, 28, 2, 
2018/5/20, , 21, 32, 10, 
2018/6/4, , 21, 26, 13, 
2017/12/31, , 13, 28, 6, 
2017/11/22, , 16, 11, 14, 
2017/7/3, , 12, 24, 8, 
2017/9/9, , 15, 23, 9, 
2016/10/9, , 11, 13, 12, 
2016/10/18, , 32, 11, 11, 
2016/11/8, , 12, 6, , 
2016/12/10, , 106, 22, , 
2016/9/18, , 20, 14, 15, 
2016/4/17, , 19, 30, 8, 
2016/6/20, , 14, 19, 11, 
2015/10/1, , 22, 26, 10, 
2015/10/2, , 22, 25, 12, 
2015/10/3, , 26, 17, 11, 
2015/10/4, , 25, 15, 10, 
2015/10/5, , 32, 12, 13, 
2015/10/6, , 18, 24, 2, 
2015/10/7, , 20, 23, 2, 
2015/10/8, , 20, 22, 4, 
2015/10/9, , 19, 21, 6, 
2015/10/10, , 14, 21, 7, 
2015/10/16, , 39, 22, 12, 
2015/10/17, , 52, 13, 10, 
2015/10/18, , 52, 14, 11, 
2015/10/19, , 26, 5, 19, 
2015/10/20, , 18, 11, 15, 
2015/10/21, , 19, 16, 13, 
2015/10/22, , 35, 10, 11, 
2015/10/24, , 36, 19, 12, 
2015/10/25, , 26, 23, 7, 
2015/10/26, , 25, 19, 15, 
2015/10/27, , 21, 21, 15, 
2015/10/30, , 43, 14, 12, 
2015/10/31, , 48, 15, 10, 
2015/11/1, , 52, 12, 11, 
2015/11/2, , 34, 13, 6, 
2015/11/4, , 27, 7, 12, 
2015/11/7, , 13, , 8, 
2015/11/18, , 13, 23, 11, 
2015/11/27, , 21, 13, 16, 
2015/11/28, , 10, 24, 10, 
2015/11/29, , 11, 27, 6, 
2015/11/30, , 11, 30, 4, 
2015/7/1, , 18, 22, 8, 
2015/7/2, , 15, 21, 6, 
2015/7/3, , 11, , , 
2015/7/6, , 19, 28, 9, 
2015/7/7, , 21, 32, 7, 
2015/7/8, , 23, 24, 5, 
2015/7/9, , 16, 25, 4, 
2015/7/10, , 18, , , 
2015/8/3, , 25, 44, 7, 
2015/8/4, , 30, 33, 12, 
2015/8/5, , 24, 31, 14, 
2015/8/6, , 22, 33, 14, 
2015/8/7, , 25, 26, 14, 
2015/8/8, , 23, 30, 8, 
2015/8/9, , 16, 24, 13, 
2015/8/10, , 22, 28, 11, 
2015/8/11, , 20, 23, 10, 
2015/8/12, , 19, 24, 12, 
2015/8/13, , 19, 26, 3, 
2015/8/14, , 20, 34, 5, 
2015/8/15, , 23, 30, 4, 
2015/8/16, , 23, 27, 5, 
2015/8/17, , 24, 24, 4, 
2015/8/18, , 23, 27, 5, 
2015/8/19, , 19, 29, 17, 
2015/8/20, , 30, 30, 12, 
2015/8/21, , 29, 34, 9, 
2015/8/22, , 28, 31, 6, 
2015/8/23, , 28, 31, 12, 
2015/8/24, , 29, 32, 10, 
2015/8/25, , 22, 23, 12, 
2015/8/26, , 21, 26, 12, 
2015/8/27, , 18, 29, 8, 
2015/8/28, , 14, 27, 8, 
2015/8/29, , 19, 26, 13, 
2015/8/30, , 22, 29, 11, 
2015/8/31, , 25, 26, 12, 
2015/9/1, , 22, 31, 8, 
2015/9/2, , 18, 26, 10, 
2015/9/3, , 17, 19, 24, 
2015/9/4, , 19, 24, 7, 
2015/9/5, , 17, 27, 4, 
2015/9/6, , 12, 21, 8, 
2015/9/7, , 12, 21, 10, 
2015/9/8, , 15, 16, 15, 
2015/9/9, , 14, 2, 22, 
2015/9/10, , 21, 28, 8, 
2015/9/11, , 19, 26, 6, 
2015/9/12, , 22, 23, 4, 
2015/9/13, , 37, 27, 10, 
2015/9/14, , 34, 23, 9, 
2015/9/15, , 18, 23, 11, 
2015/9/16, , 15, 24, 9, 
2015/9/17, , 15, 29, 7, 
2015/9/18, , 19, 25, 9, 
2015/9/19, , 19, 27, 5, 
2015/9/20, , 14, 25, 10, 
2015/9/21, , 14, 20, 12, 
2015/9/22, , 25, 27, 15, 
2015/9/23, , 27, 17, 11, 
2015/9/24, , 26, 21, 8, 
2015/9/25, , 16, , , 
2015/9/28, , 19, 17, 15, 
2015/9/29, , 19, 18, 22, 
2015/9/30, , 22, 24, 10, 
2015/4/1, , 16, 28, 9, 
2015/4/2, , 17, 24, 8, 
2015/4/3, , 14, 21, 10, 
2015/4/4, , 11, 26, 11, 
2015/4/5, , 13, 25, 9, 
2015/4/6, , 13, 23, 12, 
2015/4/7, , 23, 24, 13, 
2015/4/8, , 23, 19, 20, 
2015/4/9, , 34, 23, 19, 
2015/4/10, , 35, 32, 15, 
2015/4/11, , 41, 30, 6, 
2015/4/12, , 19, 32, 7, 
2015/4/13, , 19, 29, 11, 
2015/4/14, , 22, 29, 10, 
2015/4/15, , 25, 30, 9, 
2015/4/16, , 18, 29, 11, 
2015/4/17, , 19, 28, 10, 
2015/4/18, , 12, 29, 11, 
2015/4/19, , 16, 33, 13, 
2015/4/20, , 19, 27, 14, 
2015/4/21, , 24, 30, 14, 
2015/4/22, , 37, 25, 9, 
2015/4/23, , 27, 26, 10, 
2015/4/24, , 21, 20, 17, 
2015/4/25, , 39, 23, 11, 
2015/4/26, , 18, 22, 16, 
2015/4/27, , 20, 24, 10, 
2015/4/28, , 16, 25, 10, 
2015/4/29, , 21, 26, 14, 
2015/4/30, , 20, 35, 10, 
2015/5/1, , 24, 29, 10, 
2015/5/2, , 16, 36, 13, 
2015/5/3, , 18, 34, 13, 
2015/5/4, , 26, 35, 13, 
2015/5/5, , 23, 31, 13, 
2015/5/6, , 26, 28, 10, 
2015/5/7, , 17, 28, 11, 
2015/5/8, , 17, 28, 13, 
2015/5/9, , 20, 30, 6, 
2015/5/10, , 13, 30, 12, 
2015/5/11, , 18, 37, 15, 
2015/5/12, , 20, 34, 6, 
2015/5/13, , 18, 28, 7, 
2015/5/14, , 18, 24, 13, 
2015/5/15, , 14, 28, 10, 
2015/5/16, , 20, 32, 4, 
2015/5/17, , 18, 30, 9, 
2015/5/18, , 17, 29, 11, 
2015/5/19, , 16, 24, 13, 
2015/5/20, , 17, 29, 12, 
2015/5/21, , 16, 28, 11, 
2015/5/22, , 21, 30, 6, 
2015/5/23, , 18, 26, 8, 
2015/5/24, , 18, 21, 15, 
2015/5/25, , 20, 25, 8, 
2015/5/26, , 14, 24, 6, 
2015/5/27, , 15, 28, 13, 
2015/5/28, , 20, 28, 8, 
2015/5/29, , 17, 29, 6, 
2015/5/30, , 13, 28, 6, 
2015/5/31, , 15, 27, 8, 
2015/6/1, , 16, 21, 10, 
2015/6/2, , 20, 29, 6, 
2015/6/3, , 20, 26, 10, 
2015/6/4, , 16, 32, 13, 
2015/6/5, , 14, 35, 7, 
2015/6/6, , 22, 28, 4, 
2015/6/7, , 19, 24, 9, 
2015/6/8, , 15, 21, 12, 
2015/6/9, , 17, 29, 11, 
2015/6/10, , 15, 26, 10, 
2015/6/11, , 20, 21, 13, 
2015/6/12, , 20, 42, 12, 
2015/6/13, , 21, 29, 6, 
2015/6/14, , 17, 24, 6, 
2015/6/15, , 15, 28, 8, 
2015/6/16, , 16, 29, 9, 
2015/6/17, , 19, 23, 7, 
2015/6/18, , 15, 27, 4, 
2015/6/19, , 12, 28, 6, 
2015/6/20, , 12, 23, 5, 
2015/6/21, , 15, 21, 11, 
2015/6/22, , 16, 30, 9, 
2015/6/23, , 16, 24, 7, 
2015/6/24, , 20, 24, 7, 
2015/6/25, , 14, 23, 9, 
2015/6/26, , 14, 21, 11, 
2015/6/27, , 17, 20, 8, 
2015/6/28, , 18, 23, 12, 
2015/6/29, , 19, 21, 8, 
2015/6/30, , 17, 22, 12, 
2015/3/2, , 8, 29, 11, 
2015/3/3, , 18, 27, 15, 
2015/3/4, , 12, 19, 15, 
2015/3/5, , 18, 21, 12, 
2015/3/6, , 21, 22, 10, 
2015/3/7, , 33, 18, 13, 
2015/3/8, , 33, 20, 16, 
2015/3/9, , 28, 26, 11, 
2015/3/10, , 30, 27, 13, 
2015/3/11, , 28, 19, 16, 
2015/3/12, , 22, 24, 10, 
2015/3/13, , 18, 25, 6, 
2015/3/14, , 18, 24, 4, 
2015/3/15, , 21, 22, 7, 
2015/3/16, , 35, 26, 9, 
2015/3/17, , 41, 30, 13, 
2015/3/18, , 38, 27, 28, 
2015/3/19, , 51, 15, 24, 
2015/3/20, , 48, 25, 10, 
2015/3/21, , 17, 28, 11, 
2015/3/22, , 12, 28, 11, 
2015/3/23, , 22, 25, 18, 
2015/3/24, , 38, 30, 15, 
2015/3/25, , 41, 29, 18, 
2015/3/26, , 35, 9, 24, 
2015/3/27, , 36, 26, 13, 
2015/3/28, , 25, 24, 10, 
2015/3/29, , 21, 32, 9, 
2015/3/30, , 11, 31, 11, 
2015/3/31, , 12, 30, 8, 
2024/5/25, , , 35, 4, 
2024/5/26, , , 28, 7, 
2023/4/22, , , 36, , 
2023/4/23, , , 33, 8, 
2023/5/1, , , 34, 3, 
2023/1/1, , , 24, 6, 
2023/1/19, , , 19, , 
2023/3/19, , , 21, , 
2015/10/28, , , 16, 4, 
2015/7/5, , , 38, 7, 
2015/8/2, , , 36, 15, 
2015/9/27, , , 16, 17, 
2015/3/1, , , 29, 13, 
2023/4/30, , , , 9, 